timestamp,sender_account,sender_name,receiver_account,receiver_name,amount,channel,upi_ref
2025-07-21T09:56:33,HDFC ****4471,Rahul Sharma,ICICI ****9930,Amit Khan,320417,IMPS,IMPS/REF972123
2025-08-02T00:52:35,HDFC ****4471,Rahul Sharma,ICICI ****9930,Amit Khan,306399,IMPS,IMPS/REF490618
2025-08-10T02:36:03,ICICI ****9930,Amit Khan,SBI ****1188,Sunil Yadav,213847,UPI,442479796852
2025-08-11T19:36:28,HDFC ****4471,Rahul Sharma,ICICI ****9930,Amit Khan,337033,IMPS,IMPS/REF405717
2025-08-13T15:07:52,HDFC ****4471,Rahul Sharma,ICICI ****9930,Amit Khan,248674,IMPS,IMPS/REF813658
2025-09-03T10:16:21,SBI ****1188,Sunil Yadav,Kotak ****7742,Deepak Verma,75276,IMPS,IMPS/REF562619
2025-09-07T07:21:48,HDFC ****4471,Rahul Sharma,ICICI ****9930,Amit Khan,307399,IMPS,IMPS/REF279168
2025-09-11T12:40:30,SBI ****1188,Sunil Yadav,Kotak ****7742,Deepak Verma,110978,IMPS,IMPS/REF434473
2025-09-13T08:51:10,HDFC ****4471,Rahul Sharma,ICICI ****9930,Amit Khan,276155,IMPS,IMPS/REF211216
2025-09-14T18:34:04,ICICI ****9930,Amit Khan,SBI ****1188,Sunil Yadav,187304,UPI,467942458165
2025-09-15T13:07:48,ICICI ****9930,Amit Khan,HDFC ****8804 · MP Traders,MP Traders,189993,NEFT,NEFT/REF995507
2025-09-20T10:48:17,HDFC ****4471,Rahul Sharma,ICICI ****9930,Amit Khan,270881,IMPS,IMPS/REF149724
2025-09-24T16:51:15,ICICI ****9930,Amit Khan,SBI ****1188,Sunil Yadav,203371,UPI,421031685900
2025-09-26T05:32:37,HDFC ****4471,Rahul Sharma,ICICI ****9930,Amit Khan,251237,IMPS,IMPS/REF979907
2025-09-26T14:12:29,HDFC ****4471,Rahul Sharma,ICICI ****9930,Amit Khan,275128,IMPS,IMPS/REF561380
2025-09-28T10:48:51,SBI ****1188,Sunil Yadav,Kotak ****7742,Deepak Verma,70163,IMPS,IMPS/REF392312
2025-10-01T05:45:11,ICICI ****9930,Amit Khan,SBI ****1188,Sunil Yadav,270947,UPI,416348386623
2025-10-09T13:36:29,HDFC ****4471,Rahul Sharma,ICICI ****9930,Amit Khan,313465,IMPS,IMPS/REF402820
2025-10-16T18:27:29,SBI ****1188,Sunil Yadav,Kotak ****7742,Deepak Verma,84733,IMPS,IMPS/REF754244
2025-10-16T21:12:20,ICICI ****9930,Amit Khan,HDFC ****8804 · MP Traders,MP Traders,148567,NEFT,NEFT/REF127409
2025-10-21T09:38:49,HDFC ****8804 · MP Traders,MP Traders,HDFC ****4471,Rahul Sharma,259060,NEFT,NEFT/REF866174
2025-10-26T18:49:50,ICICI ****9930,Amit Khan,HDFC ****8804 · MP Traders,MP Traders,248122,NEFT,NEFT/REF670863
2025-11-10T02:31:42,SBI ****1188,Sunil Yadav,Kotak ****7742,Deepak Verma,97881,IMPS,IMPS/REF360833
2025-11-10T21:42:08,ICICI ****9930,Amit Khan,HDFC ****8804 · MP Traders,MP Traders,190599,NEFT,NEFT/REF183668
2025-11-11T05:59:40,SBI ****1188,Sunil Yadav,PNB ****3391,Farhan Ali,73365,UPI,423388610268
2025-11-12T23:46:39,SBI ****1188,Sunil Yadav,PNB ****3391,Farhan Ali,104657,UPI,427674151042
2025-11-16T11:50:07,HDFC ****4471,Rahul Sharma,ICICI ****9930,Amit Khan,329046,IMPS,IMPS/REF776805
2025-11-19T01:33:31,ICICI ****9930,Amit Khan,SBI ****1188,Sunil Yadav,246335,UPI,448790082603
2025-11-24T00:46:39,ICICI ****9930,Amit Khan,HDFC ****8804 · MP Traders,MP Traders,229309,NEFT,NEFT/REF698394
2025-11-26T17:33:22,HDFC ****8804 · MP Traders,MP Traders,HDFC ****4471,Rahul Sharma,129061,NEFT,NEFT/REF264108
2025-11-28T22:16:48,HDFC ****8804 · MP Traders,MP Traders,HDFC ****4471,Rahul Sharma,302698,NEFT,NEFT/REF552037
2025-12-01T17:00:28,ICICI ****9930,Amit Khan,HDFC ****8804 · MP Traders,MP Traders,215881,NEFT,NEFT/REF745882
2025-12-02T22:10:49,SBI ****1188,Sunil Yadav,Kotak ****7742,Deepak Verma,76047,IMPS,IMPS/REF695670
2025-12-04T02:11:17,HDFC ****8804 · MP Traders,MP Traders,HDFC ****4471,Rahul Sharma,230961,NEFT,NEFT/REF558680
2025-12-04T08:57:52,SBI ****1188,Sunil Yadav,PNB ****3391,Farhan Ali,71393,UPI,421089831900
2025-12-05T22:44:52,ICICI ****9930,Amit Khan,SBI ****1188,Sunil Yadav,247439,UPI,460936965524
2025-12-15T22:12:42,ICICI ****9930,Amit Khan,HDFC ****8804 · MP Traders,MP Traders,178733,NEFT,NEFT/REF659504
2025-12-16T15:58:07,SBI ****1188,Sunil Yadav,Kotak ****7742,Deepak Verma,75912,IMPS,IMPS/REF751870
2025-12-17T00:48:05,HDFC ****4471,Rahul Sharma,ICICI ****9930,Amit Khan,375222,IMPS,IMPS/REF621056
2025-12-21T07:57:01,HDFC ****4471,Rahul Sharma,ICICI ****9930,Amit Khan,296522,IMPS,IMPS/REF633289
2025-12-26T23:18:57,SBI ****1188,Sunil Yadav,PNB ****3391,Farhan Ali,94851,UPI,487988932750
2025-12-29T21:30:32,HDFC ****4471,Rahul Sharma,ICICI ****9930,Amit Khan,247210,IMPS,IMPS/REF349065
2026-01-02T04:32:17,SBI ****1188,Sunil Yadav,PNB ****3391,Farhan Ali,91270,UPI,430791579461
2026-01-04T19:37:14,ICICI ****9930,Amit Khan,SBI ****1188,Sunil Yadav,236192,UPI,401531917864
2026-01-06T13:37:08,SBI ****1188,Sunil Yadav,PNB ****3391,Farhan Ali,110921,UPI,429463738583
2026-01-14T13:37:30,ICICI ****9930,Amit Khan,SBI ****1188,Sunil Yadav,296079,UPI,496825888278
2026-01-17T02:30:33,ICICI ****9930,Amit Khan,SBI ****1188,Sunil Yadav,345126,UPI,492704392325
2026-01-18T14:48:55,ICICI ****9930,Amit Khan,SBI ****1188,Sunil Yadav,263550,UPI,488762968067
2026-01-21T09:59:49,HDFC ****4471,Rahul Sharma,ICICI ****9930,Amit Khan,345212,IMPS,IMPS/REF333905
2026-01-22T21:18:26,SBI ****1188,Sunil Yadav,Kotak ****7742,Deepak Verma,77308,IMPS,IMPS/REF254538
2026-01-27T22:15:44,HDFC ****8804 · MP Traders,MP Traders,HDFC ****4471,Rahul Sharma,210767,NEFT,NEFT/REF821132
2026-02-05T21:29:32,SBI ****1188,Sunil Yadav,Kotak ****7742,Deepak Verma,60448,IMPS,IMPS/REF737964
2026-02-06T17:10:15,ICICI ****9930,Amit Khan,SBI ****1188,Sunil Yadav,206345,UPI,428030852742
2026-02-13T17:53:19,ICICI ****9930,Amit Khan,HDFC ****8804 · MP Traders,MP Traders,198796,NEFT,NEFT/REF366661
2026-02-13T19:05:18,HDFC ****8804 · MP Traders,MP Traders,HDFC ****4471,Rahul Sharma,217453,NEFT,NEFT/REF487215
2026-02-18T08:07:50,SBI ****1188,Sunil Yadav,PNB ****3391,Farhan Ali,68272,UPI,475392603454
2026-02-19T09:26:16,SBI ****1188,Sunil Yadav,PNB ****3391,Farhan Ali,135271,UPI,431720875169
2026-03-01T00:47:24,ICICI ****9930,Amit Khan,SBI ****1188,Sunil Yadav,283465,UPI,457973577229
2026-03-02T10:14:00,SBI ****1188,Sunil Yadav,Kotak ****9021,Salim Sheikh,180000,UPI,428817263551
2026-03-04T16:40:00,Kotak ****9021,Salim Sheikh,PNB ****7742,Rehana Sheikh,95000,IMPS,IMPS/771203/CR
2026-03-06T19:22:00,Kotak ****9021,Salim Sheikh,BOB ****5561,Manoj Tiwari,120000,UPI,428990013277
2026-03-08T08:05:31,SBI ****1188,Sunil Yadav,Kotak ****7742,Deepak Verma,71254,IMPS,IMPS/REF191119
2026-03-08T12:05:00,PNB ****7742,Rehana Sheikh,HDFC ****4471,Rahul Sharma,60000,NEFT,NEFT/AX55210
