crime_code,crime_name,month_end_date,detected,registered
1,Murder,2017-12-31,4.0,7
2,Att.to.C.Murder,2017-12-31,12.0,16
3,Dacoity,2017-12-31,3.0,4
4,Robbery (Excluding Chain Snatching),2017-12-31,55.0,84
5,Robbery -Chain Snatching,2017-12-31,4.0,12
6,Extortion,2017-12-31,15.0,21
7,H.B.T.Day / Night,2017-12-31,49.0,205
8,Thefts,2017-12-31,126.0,643
9,M.V.Thefts.,2017-12-31,44.0,376
10,Hurt,2017-12-31,272.0,377
11,Riots.,2017-12-31,27.0,38
12,Rape,2017-12-31,50.0,57
13,Molestaion,2017-12-31,157.0,224
14,Other I.P.C.,2017-12-31,1433.0,2186
1,Murder,2018-01-31,9.0,10
2,Att.to.C.Murder,2018-01-31,21.0,23
3,Dacoity,2018-01-31,0.0,1
4,Robbery (Excluding Chain Snatching),2018-01-31,65.0,88
5,Robbery -Chain Snatching,2018-01-31,5.0,10
6,Extortion,2018-01-31,16.0,20
7,H.B.T.Day / Night,2018-01-31,73.0,220
8,Thefts,2018-01-31,144.0,539
9,M.V.Thefts.,2018-01-31,53.0,344
10,Hurt,2018-01-31,361.0,481
11,Riots.,2018-01-31,60.0,101
12,Rape,2018-01-31,49.0,64
13,Molestaion,2018-01-31,164.0,240
14,Other I.P.C.,2018-01-31,766.0,1484
1,Murder,2018-02-28,6.0,7
2,Att.to.C.Murder,2018-02-28,18.0,20
3,Dacoity,2018-02-28,2.0,2
4,Robbery (Excluding Chain Snatching),2018-02-28,55.0,79
5,Robbery -Chain Snatching,2018-02-28,3.0,10
6,Extortion,2018-02-28,15.0,21
7,H.B.T.Day / Night,2018-02-28,38.0,181
8,Thefts,2018-02-28,111.0,530
9,M.V.Thefts.,2018-02-28,52.0,295
10,Hurt,2018-02-28,276.0,385
11,Riots.,2018-02-28,27.0,46
12,Rape,2018-02-28,37.0,57
13,Molestaion,2018-02-28,142.0,207
14,Other I.P.C.,2018-02-28,681.0,1377
1,Murder,2018-03-31,12.0,12
2,Att.to.C.Murder,2018-03-31,17.0,20
3,Dacoity,2018-03-31,5.0,6
4,Robbery (Excluding Chain Snatching),2018-03-31,67.0,90
5,Robbery -Chain Snatching,2018-03-31,3.0,11
6,Extortion,2018-03-31,18.0,23
7,H.B.T.Day / Night,2018-03-31,42.0,197
8,Thefts,2018-03-31,112.0,548
9,M.V.Thefts.,2018-03-31,50.0,301
10,Hurt,2018-03-31,358.0,501
11,Riots.,2018-03-31,39.0,53
12,Rape,2018-03-31,50.0,67
13,Molestaion,2018-03-31,165.0,236
14,Other I.P.C.,2018-03-31,828.0,1525
1,Murder,2018-04-30,16.0,19
2,Att.to.C.Murder,2018-04-30,23.0,25
3,Dacoity,2018-04-30,3.0,4
4,Robbery (Excluding Chain Snatching),2018-04-30,48.0,69
5,Robbery -Chain Snatching,2018-04-30,3.0,7
6,Extortion,2018-04-30,10.0,13
7,H.B.T.Day / Night,2018-04-30,41.0,169
8,Thefts,2018-04-30,110.0,569
9,M.V.Thefts.,2018-04-30,33.0,262
10,Hurt,2018-04-30,319.0,431
11,Riots.,2018-04-30,21.0,37
12,Rape,2018-04-30,57.0,72
13,Molestaion,2018-04-30,165.0,231
14,Other I.P.C.,2018-04-30,679.0,1364
1,Murder,2018-05-31,14.0,16
2,Att.to.C.Murder,2018-05-31,16.0,18
3,Dacoity,2018-05-31,3.0,4
4,Robbery (Excluding Chain Snatching),2018-05-31,43.0,71
5,Robbery -Chain Snatching,2018-05-31,4.0,14
6,Extortion,2018-05-31,9.0,16
7,H.B.T.Day / Night,2018-05-31,34.0,165
8,Thefts,2018-05-31,115.0,492
9,M.V.Thefts.,2018-05-31,53.0,248
10,Hurt,2018-05-31,320.0,428
11,Riots.,2018-05-31,29.0,44
12,Rape,2018-05-31,45.0,60
13,Molestaion,2018-05-31,136.0,206
14,Other I.P.C.,2018-05-31,646.0,1275
1,Murder,2018-06-30,18.0,21
2,Att.to.C.Murder,2018-06-30,21.0,22
3,Dacoity,2018-06-30,1.0,1
4,Robbery (Excluding Chain Snatching),2018-06-30,55.0,70
5,Robbery -Chain Snatching,2018-06-30,2.0,13
6,Extortion,2018-06-30,12.0,17
7,H.B.T.Day / Night,2018-06-30,31.0,154
8,Thefts,2018-06-30,112.0,449
9,M.V.Thefts.,2018-06-30,25.0,232
10,Hurt,2018-06-30,302.0,409
11,Riots.,2018-06-30,25.0,41
12,Rape,2018-06-30,37.0,55
13,Molestaion,2018-06-30,108.0,175
14,Other I.P.C.,2018-06-30,609.0,1290
1,Murder,2018-07-31,11.0,13
2,Att.to.C.Murder,2018-07-31,13.0,15
3,Dacoity,2018-07-31,2.0,2
4,Robbery (Excluding Chain Snatching),2018-07-31,60.0,78
5,Robbery -Chain Snatching,2018-07-31,4.0,9
6,Extortion,2018-07-31,10.0,17
7,H.B.T.Day / Night,2018-07-31,46.0,203
8,Thefts,2018-07-31,136.0,502
9,M.V.Thefts.,2018-07-31,34.0,217
10,Hurt,2018-07-31,291.0,380
11,Riots.,2018-07-31,21.0,26
12,Rape,2018-07-31,62.0,74
13,Molestaion,2018-07-31,114.0,171
14,Other I.P.C.,2018-07-31,746.0,1256
1,Murder,2018-08-31,9.0,9
2,Att.to.C.Murder,2018-08-31,27.0,27
3,Dacoity,2018-08-31,2.0,2
4,Robbery (Excluding Chain Snatching),2018-08-31,69.0,85
5,Robbery -Chain Snatching,2018-08-31,7.0,19
6,Extortion,2018-08-31,20.0,27
7,H.B.T.Day / Night,2018-08-31,52.0,207
8,Thefts,2018-08-31,126.0,539
9,M.V.Thefts.,2018-08-31,37.0,230
10,Hurt,2018-08-31,277.0,394
11,Riots.,2018-08-31,38.0,44
12,Rape,2018-08-31,51.0,62
13,Molestaion,2018-08-31,137.0,198
14,Other I.P.C.,2018-08-31,822.0,1415
1,Murder,2018-09-30,16.0,16
2,Att.to.C.Murder,2018-09-30,19.0,24
3,Dacoity,2018-09-30,1.0,1
4,Robbery (Excluding Chain Snatching),2018-09-30,62.0,76
5,Robbery -Chain Snatching,2018-09-30,6.0,19
6,Extortion,2018-09-30,11.0,16
7,H.B.T.Day / Night,2018-09-30,57.0,205
8,Thefts,2018-09-30,113.0,470
9,M.V.Thefts.,2018-09-30,47.0,258
10,Hurt,2018-09-30,350.0,458
11,Riots.,2018-09-30,34.0,40
12,Rape,2018-09-30,42.0,59
13,Molestaion,2018-09-30,164.0,235
14,Other I.P.C.,2018-09-30,652.0,1222
1,Murder,2018-10-31,13.0,14
2,Att.to.C.Murder,2018-10-31,28.0,29
3,Dacoity,2018-10-31,2.0,2
4,Robbery (Excluding Chain Snatching),2018-10-31,66.0,85
5,Robbery -Chain Snatching,2018-10-31,9.0,26
6,Extortion,2018-10-31,15.0,21
7,H.B.T.Day / Night,2018-10-31,54.0,176
8,Thefts,2018-10-31,119.0,568
9,M.V.Thefts.,2018-10-31,49.0,306
10,Hurt,2018-10-31,398.0,542
11,Riots.,2018-10-31,36.0,47
12,Rape,2018-10-31,51.0,66
13,Molestaion,2018-10-31,193.0,286
14,Other I.P.C.,2018-10-31,1319.0,1984
1,Murder,2018-11-30,8.0,11
2,Att.to.C.Murder,2018-11-30,26.0,27
3,Dacoity,2018-11-30,1.0,1
4,Robbery (Excluding Chain Snatching),2018-11-30,61.0,82
5,Robbery -Chain Snatching,2018-11-30,8.0,20
6,Extortion,2018-11-30,18.0,21
7,H.B.T.Day / Night,2018-11-30,49.0,195
8,Thefts,2018-11-30,116.0,513
9,M.V.Thefts.,2018-11-30,35.0,266
10,Hurt,2018-11-30,358.0,460
11,Riots.,2018-11-30,22.0,29
12,Rape,2018-11-30,53.0,66
13,Molestaion,2018-11-30,141.0,219
14,Other I.P.C.,2018-11-30,1601.0,2208
1,Murder,2018-12-31,11.0,11
2,Att.to.C.Murder,2018-12-31,26.0,27
3,Dacoity,2018-12-31,2.0,2
4,Robbery (Excluding Chain Snatching),2018-12-31,48.0,66
5,Robbery -Chain Snatching,2018-12-31,7.0,13
6,Extortion,2018-12-31,12.0,14
7,H.B.T.Day / Night,2018-12-31,38.0,170
8,Thefts,2018-12-31,126.0,542
9,M.V.Thefts.,2018-12-31,41.0,243
10,Hurt,2018-12-31,249.0,342
11,Riots.,2018-12-31,13.0,27
12,Rape,2018-12-31,49.0,62
13,Molestaion,2018-12-31,129.0,182
14,Other I.P.C.,2018-12-31,2271.0,2896
1,Murder,2019-01-31,8.0,10
2,Att.to.C.Murder,2019-01-31,27.0,28
3,Dacoity,2019-01-31,3.0,3
4,Robbery (Excluding Chain Snatching),2019-01-31,77.0,90
5,Robbery -Chain Snatching,2019-01-31,5.0,9
6,Extortion,2019-01-31,15.0,19
7,H.B.T.Day / Night,2019-01-31,54.0,160
8,Thefts,2019-01-31,140.0,458
9,M.V.Thefts.,2019-01-31,43.0,215
10,Hurt,2019-01-31,276.0,353
11,Riots.,2019-01-31,26.0,33
12,Rape,2019-01-31,55.0,65
13,Molestaion,2019-01-31,153.0,230
14,Other I.P.C.,2019-01-31,1265.0,1888
1,Murder,2019-02-28,9.0,10
2,Att.to.C.Murder,2019-02-28,23.0,27
3,Dacoity,2019-02-28,0.0,0
4,Robbery (Excluding Chain Snatching),2019-02-28,63.0,80
5,Robbery -Chain Snatching,2019-02-28,4.0,11
6,Extortion,2019-02-28,11.0,25
7,H.B.T.Day / Night,2019-02-28,35.0,161
8,Thefts,2019-02-28,128.0,425
9,M.V.Thefts.,2019-02-28,52.0,223
10,Hurt,2019-02-28,307.0,362
11,Riots.,2019-02-28,29.0,43
12,Rape,2019-02-28,50.0,65
13,Molestaion,2019-02-28,151.0,204
14,Other I.P.C.,2019-02-28,961.0,1569
1,Murder,2019-03-31,13.0,14
2,Att.to.C.Murder,2019-03-31,21.0,23
3,Dacoity,2019-03-31,0.0,0
4,Robbery (Excluding Chain Snatching),2019-03-31,72.0,90
5,Robbery -Chain Snatching,2019-03-31,5.0,11
6,Extortion,2019-03-31,6.0,11
7,H.B.T.Day / Night,2019-03-31,48.0,168
8,Thefts,2019-03-31,120.0,483
9,M.V.Thefts.,2019-03-31,45.0,199
10,Hurt,2019-03-31,318.0,397
11,Riots.,2019-03-31,30.0,36
12,Rape,2019-03-31,47.0,69
13,Molestaion,2019-03-31,171.0,257
14,Other I.P.C.,2019-03-31,932.0,1610
1,Murder,2019-04-30,19.0,19
2,Att.to.C.Murder,2019-04-30,25.0,26
3,Dacoity,2019-04-30,1.0,1
4,Robbery (Excluding Chain Snatching),2019-04-30,54.0,72
5,Robbery -Chain Snatching,2019-04-30,6.0,20
6,Extortion,2019-04-30,14.0,17
7,H.B.T.Day / Night,2019-04-30,35.0,146
8,Thefts,2019-04-30,90.0,394
9,M.V.Thefts.,2019-04-30,38.0,216
10,Hurt,2019-04-30,271.0,360
11,Riots.,2019-04-30,20.0,28
12,Rape,2019-04-30,64.0,84
13,Molestaion,2019-04-30,146.0,210
14,Other I.P.C.,2019-04-30,712.0,1293
1,Murder,2019-05-31,8.0,8
2,Att.to.C.Murder,2019-05-31,19.0,21
3,Dacoity,2019-05-31,2.0,2
4,Robbery (Excluding Chain Snatching),2019-05-31,42.0,62
5,Robbery -Chain Snatching,2019-05-31,3.0,13
6,Extortion,2019-05-31,9.0,17
7,H.B.T.Day / Night,2019-05-31,37.0,161
8,Thefts,2019-05-31,117.0,511
9,M.V.Thefts.,2019-05-31,29.0,213
10,Hurt,2019-05-31,300.0,392
11,Riots.,2019-05-31,25.0,31
12,Rape,2019-05-31,63.0,81
13,Molestaion,2019-05-31,139.0,207
14,Other I.P.C.,2019-05-31,702.0,1388
1,Murder,2019-06-30,13.0,15
2,Att.to.C.Murder,2019-06-30,24.0,25
3,Dacoity,2019-06-30,1.0,2
4,Robbery (Excluding Chain Snatching),2019-06-30,63.0,85
5,Robbery -Chain Snatching,2019-06-30,8.0,15
6,Extortion,2019-06-30,11.0,16
7,H.B.T.Day / Night,2019-06-30,52.0,185
8,Thefts,2019-06-30,102.0,502
9,M.V.Thefts.,2019-06-30,47.0,229
10,Hurt,2019-06-30,323.0,453
11,Riots.,2019-06-30,32.0,39
12,Rape,2019-06-30,63.0,91
13,Molestaion,2019-06-30,153.0,237
14,Other I.P.C.,2019-06-30,1054.0,1903
1,Murder,2019-07-31,14.0,14
2,Att.to.C.Murder,2019-07-31,36.0,37
3,Dacoity,2019-07-31,0.0,0
4,Robbery (Excluding Chain Snatching),2019-07-31,81.0,88
5,Robbery -Chain Snatching,2019-07-31,5.0,12
6,Extortion,2019-07-31,22.0,26
7,H.B.T.Day / Night,2019-07-31,38.0,203
8,Thefts,2019-07-31,121.0,541
9,M.V.Thefts.,2019-07-31,36.0,265
10,Hurt,2019-07-31,233.0,307
11,Riots.,2019-07-31,14.0,19
12,Rape,2019-07-31,42.0,68
13,Molestaion,2019-07-31,143.0,203
14,Other I.P.C.,2019-07-31,1099.0,1966
1,Murder,2019-08-31,13.0,15
2,Att.to.C.Murder,2019-08-31,19.0,21
3,Dacoity,2019-08-31,2.0,2
4,Robbery (Excluding Chain Snatching),2019-08-31,88.0,95
5,Robbery -Chain Snatching,2019-08-31,11.0,24
6,Extortion,2019-08-31,18.0,22
7,H.B.T.Day / Night,2019-08-31,53.0,190
8,Thefts,2019-08-31,126.0,484
9,M.V.Thefts.,2019-08-31,45.0,226
10,Hurt,2019-08-31,247.0,318
11,Riots.,2019-08-31,9.0,14
12,Rape,2019-08-31,53.0,69
13,Molestaion,2019-08-31,161.0,239
14,Other I.P.C.,2019-08-31,938.0,1632
1,Murder,2019-09-30,11.0,11
2,Att.to.C.Murder,2019-09-30,30.0,34
3,Dacoity,2019-09-30,0.0,1
4,Robbery (Excluding Chain Snatching),2019-09-30,54.0,65
5,Robbery -Chain Snatching,2019-09-30,2.0,6
6,Extortion,2019-09-30,15.0,23
7,H.B.T.Day / Night,2019-09-30,35.0,167
8,Thefts,2019-09-30,115.0,487
9,M.V.Thefts.,2019-09-30,60.0,209
10,Hurt,2019-09-30,235.0,311
11,Riots.,2019-09-30,27.0,35
12,Rape,2019-09-30,50.0,64
13,Molestaion,2019-09-30,138.0,195
14,Other I.P.C.,2019-09-30,721.0,1335
1,Murder,2019-10-31,12.0,17
2,Att.to.C.Murder,2019-10-31,34.0,36
3,Dacoity,2019-10-31,1.0,1
4,Robbery (Excluding Chain Snatching),2019-10-31,64.0,81
5,Robbery -Chain Snatching,2019-10-31,1.0,9
6,Extortion,2019-10-31,11.0,16
7,H.B.T.Day / Night,2019-10-31,42.0,159
8,Thefts,2019-10-31,95.0,530
9,M.V.Thefts.,2019-10-31,39.0,219
10,Hurt,2019-10-31,274.0,390
11,Riots.,2019-10-31,24.0,38
12,Rape,2019-10-31,47.0,69
13,Molestaion,2019-10-31,131.0,191
14,Other I.P.C.,2019-10-31,678.0,1393
1,Murder,2019-11-30,10.0,11
2,Att.to.C.Murder,2019-11-30,24.0,27
3,Dacoity,2019-11-30,3.0,3
4,Robbery (Excluding Chain Snatching),2019-11-30,66.0,85
5,Robbery -Chain Snatching,2019-11-30,6.0,9
6,Extortion,2019-11-30,19.0,29
7,H.B.T.Day / Night,2019-11-30,59.0,190
8,Thefts,2019-11-30,96.0,532
9,M.V.Thefts.,2019-11-30,39.0,224
10,Hurt,2019-11-30,279.0,369
11,Riots.,2019-11-30,15.0,26
12,Rape,2019-11-30,48.0,70
13,Molestaion,2019-11-30,156.0,218
14,Other I.P.C.,2019-11-30,865.0,1662
1,Murder,2019-12-31,13.0,14
2,Att.to.C.Murder,2019-12-31,34.0,37
3,Dacoity,2019-12-31,3.0,3
4,Robbery (Excluding Chain Snatching),2019-12-31,66.0,96
5,Robbery -Chain Snatching,2019-12-31,9.0,18
6,Extortion,2019-12-31,24.0,32
7,H.B.T.Day / Night,2019-12-31,33.0,169
8,Thefts,2019-12-31,138.0,541
9,M.V.Thefts.,2019-12-31,49.0,255
10,Hurt,2019-12-31,270.0,369
11,Riots.,2019-12-31,25.0,33
12,Rape,2019-12-31,68.0,86
13,Molestaion,2019-12-31,206.0,282
14,Other I.P.C.,2019-12-31,2683.0,3423
1,Murder,2020-01-31,7.0,7
2,Att.to.C.Murder,2020-01-31,31.0,34
3,Dacoity,2020-01-31,1.0,1
4,Robbery (Excluding Chain Snatching),2020-01-31,74.0,87
5,Robbery -Chain Snatching,2020-01-31,5.0,11
6,Extortion,2020-01-31,19.0,25
7,H.B.T.Day / Night,2020-01-31,67.0,191
8,Thefts,2020-01-31,156.0,514
9,M.V.Thefts.,2020-01-31,63.0,246
10,Hurt,2020-01-31,297.0,372
11,Riots.,2020-01-31,15.0,29
12,Rape,2020-01-31,60.0,80
13,Molestaion,2020-01-31,172.0,224
14,Other I.P.C.,2020-01-31,988.0,1776
1,Murder,2020-02-29,18.0,20
2,Att.to.C.Murder,2020-02-29,28.0,30
3,Dacoity,2020-02-29,1.0,2
4,Robbery (Excluding Chain Snatching),2020-02-29,59.0,80
5,Robbery -Chain Snatching,2020-02-29,11.0,17
6,Extortion,2020-02-29,31.0,37
7,H.B.T.Day / Night,2020-02-29,46.0,142
8,Thefts,2020-02-29,102.0,483
9,M.V.Thefts.,2020-02-29,46.0,202
10,Hurt,2020-02-29,300.0,389
11,Riots.,2020-02-29,17.0,22
12,Rape,2020-02-29,53.0,70
13,Molestaion,2020-02-29,179.0,242
14,Other I.P.C.,2020-02-29,1073.0,1822
1,Murder,2020-03-31,10.0,12
2,Att.to.C.Murder,2020-03-31,25.0,27
3,Dacoity,2020-03-31,0.0,1
4,Robbery (Excluding Chain Snatching),2020-03-31,47.0,55
5,Robbery -Chain Snatching,2020-03-31,9.0,14
6,Extortion,2020-03-31,9.0,13
7,H.B.T.Day / Night,2020-03-31,33.0,110
8,Thefts,2020-03-31,81.0,301
9,M.V.Thefts.,2020-03-31,35.0,193
10,Hurt,2020-03-31,234.0,324
11,Riots.,2020-03-31,28.0,42
12,Rape,2020-03-31,58.0,73
13,Molestaion,2020-03-31,161.0,235
14,Other I.P.C.,2020-03-31,1731.0,2260
1,Murder,2020-04-30,7.0,8
2,Att.to.C.Murder,2020-04-30,8.0,11
3,Dacoity,2020-04-30,0.0,0
4,Robbery (Excluding Chain Snatching),2020-04-30,12.0,17
5,Robbery -Chain Snatching,2020-04-30,0.0,0
6,Extortion,2020-04-30,4.0,4
7,H.B.T.Day / Night,2020-04-30,20.0,66
8,Thefts,2020-04-30,2.0,34
9,M.V.Thefts.,2020-04-30,7.0,84
10,Hurt,2020-04-30,74.0,134
11,Riots.,2020-04-30,6.0,14
12,Rape,2020-04-30,6.0,17
13,Molestaion,2020-04-30,12.0,36
14,Other I.P.C.,2020-04-30,4955.0,5278
1,Murder,2020-05-31,10.0,10
2,Att.to.C.Murder,2020-05-31,17.0,19
3,Dacoity,2020-05-31,1.0,1
4,Robbery (Excluding Chain Snatching),2020-05-31,3.0,10
5,Robbery -Chain Snatching,2020-05-31,2.0,2
6,Extortion,2020-05-31,2.0,4
7,H.B.T.Day / Night,2020-05-31,9.0,49
8,Thefts,2020-05-31,7.0,51
9,M.V.Thefts.,2020-05-31,3.0,158
10,Hurt,2020-05-31,110.0,252
11,Riots.,2020-05-31,15.0,24
12,Rape,2020-05-31,12.0,19
13,Molestaion,2020-05-31,26.0,56
14,Other I.P.C.,2020-05-31,1611.0,1877
1,Murder,2020-06-30,12.0,13
2,Att.to.C.Murder,2020-06-30,29.0,36
3,Dacoity,2020-06-30,0.0,0
4,Robbery (Excluding Chain Snatching),2020-06-30,15.0,21
5,Robbery -Chain Snatching,2020-06-30,2.0,12
6,Extortion,2020-06-30,6.0,9
7,H.B.T.Day / Night,2020-06-30,26.0,105
8,Thefts,2020-06-30,25.0,126
9,M.V.Thefts.,2020-06-30,31.0,235
10,Hurt,2020-06-30,189.0,302
11,Riots.,2020-06-30,2.0,12
12,Rape,2020-06-30,26.0,46
13,Molestaion,2020-06-30,49.0,103
14,Other I.P.C.,2020-06-30,4385.0,4777
1,Murder,2020-07-31,10.0,10
2,Att.to.C.Murder,2020-07-31,13.0,18
3,Dacoity,2020-07-31,2.0,3
4,Robbery (Excluding Chain Snatching),2020-07-31,23.0,34
5,Robbery -Chain Snatching,2020-07-31,1.0,5
6,Extortion,2020-07-31,6.0,12
7,H.B.T.Day / Night,2020-07-31,47.0,176
8,Thefts,2020-07-31,40.0,210
9,M.V.Thefts.,2020-07-31,37.0,241
10,Hurt,2020-07-31,157.0,224
11,Riots.,2020-07-31,16.0,24
12,Rape,2020-07-31,38.0,48
13,Molestaion,2020-07-31,43.0,87
14,Other I.P.C.,2020-07-31,7211.0,7735
1,Murder,2020-08-31,9.0,10
2,Att.to.C.Murder,2020-08-31,24.0,24
3,Dacoity,2020-08-31,1.0,2
4,Robbery (Excluding Chain Snatching),2020-08-31,41.0,53
5,Robbery -Chain Snatching,2020-08-31,2.0,16
6,Extortion,2020-08-31,9.0,16
7,H.B.T.Day / Night,2020-08-31,53.0,171
8,Thefts,2020-08-31,79.0,282
9,M.V.Thefts.,2020-08-31,36.0,250
10,Hurt,2020-08-31,171.0,249
11,Riots.,2020-08-31,12.0,18
12,Rape,2020-08-31,34.0,54
13,Molestaion,2020-08-31,84.0,129
14,Other I.P.C.,2020-08-31,1677.0,2114
1,Murder,2020-09-30,14.0,14
2,Att.to.C.Murder,2020-09-30,21.0,23
3,Dacoity,2020-09-30,1.0,1
4,Robbery (Excluding Chain Snatching),2020-09-30,39.0,53
5,Robbery -Chain Snatching,2020-09-30,7.0,15
6,Extortion,2020-09-30,10.0,16
7,H.B.T.Day / Night,2020-09-30,52.0,176
8,Thefts,2020-09-30,77.0,281
9,M.V.Thefts.,2020-09-30,49.0,293
10,Hurt,2020-09-30,242.0,329
11,Riots.,2020-09-30,17.0,25
12,Rape,2020-09-30,55.0,78
13,Molestaion,2020-09-30,129.0,199
14,Other I.P.C.,2020-09-30,1459.0,2029
1,Murder,2020-10-31,15.0,17
2,Att.to.C.Murder,2020-10-31,51.0,55
3,Dacoity,2020-10-31,2.0,2
4,Robbery (Excluding Chain Snatching),2020-10-31,46.0,69
5,Robbery -Chain Snatching,2020-10-31,7.0,16
6,Extortion,2020-10-31,18.0,21
7,H.B.T.Day / Night,2020-10-31,42.0,160
8,Thefts,2020-10-31,100.0,396
9,M.V.Thefts.,2020-10-31,59.0,322
10,Hurt,2020-10-31,315.0,464
11,Riots.,2020-10-31,26.0,34
12,Rape,2020-10-31,61.0,80
13,Molestaion,2020-10-31,159.0,230
14,Other I.P.C.,2020-10-31,1394.0,2038
1,Murder,2020-11-30,11.0,12
2,Att.to.C.Murder,2020-11-30,33.0,38
3,Dacoity,2020-11-30,0.0,0
4,Robbery (Excluding Chain Snatching),2020-11-30,60.0,79
5,Robbery -Chain Snatching,2020-11-30,9.0,20
6,Extortion,2020-11-30,20.0,22
7,H.B.T.Day / Night,2020-11-30,37.0,152
8,Thefts,2020-11-30,82.0,360
9,M.V.Thefts.,2020-11-30,59.0,294
10,Hurt,2020-11-30,319.0,442
11,Riots.,2020-11-30,29.0,42
12,Rape,2020-11-30,42.0,65
13,Molestaion,2020-11-30,158.0,224
14,Other I.P.C.,2020-11-30,863.0,1508
1,Murder,2020-12-31,10.0,11
2,Att.to.C.Murder,2020-12-31,23.0,25
3,Dacoity,2020-12-31,1.0,1
4,Robbery (Excluding Chain Snatching),2020-12-31,42.0,56
5,Robbery -Chain Snatching,2020-12-31,3.0,10
6,Extortion,2020-12-31,20.0,26
7,H.B.T.Day / Night,2020-12-31,45.0,147
8,Thefts,2020-12-31,86.0,398
9,M.V.Thefts.,2020-12-31,53.0,286
10,Hurt,2020-12-31,263.0,346
11,Riots.,2020-12-31,20.0,32
12,Rape,2020-12-31,45.0,62
13,Molestaion,2020-12-31,118.0,171
14,Other I.P.C.,2020-12-31,1130.0,1742
1,Murder,2021-01-31,12.0,12
2,Att.to.C.Murder,2021-01-31,34.0,36
3,Dacoity,2021-01-31,1.0,1
4,Robbery (Excluding Chain Snatching),2021-01-31,65.0,77
5,Robbery -Chain Snatching,2021-01-31,4.0,12
6,Extortion,2021-01-31,20.0,31
7,H.B.T.Day / Night,2021-01-31,53.0,176
8,Thefts,2021-01-31,125.0,412
9,M.V.Thefts.,2021-01-31,59.0,325
10,Hurt,2021-01-31,268.0,341
11,Riots.,2021-01-31,15.0,30
12,Rape,2021-01-31,49.0,75
13,Molestaion,2021-01-31,125.0,169
14,Other I.P.C.,2021-01-31,745.0,1443
1,Murder,2021-02-28,14.0,15
2,Att.to.C.Murder,2021-02-28,26.0,31
3,Dacoity,2021-02-28,1.0,2
4,Robbery (Excluding Chain Snatching),2021-02-28,52.0,63
5,Robbery -Chain Snatching,2021-02-28,2.0,12
6,Extortion,2021-02-28,27.0,31
7,H.B.T.Day / Night,2021-02-28,50.0,153
8,Thefts,2021-02-28,95.0,350
9,M.V.Thefts.,2021-02-28,50.0,248
10,Hurt,2021-02-28,287.0,359
11,Riots.,2021-02-28,12.0,21
12,Rape,2021-02-28,52.0,73
13,Molestaion,2021-02-28,101.0,151
14,Other I.P.C.,2021-02-28,883.0,1518
1,Murder,2021-03-01,15,14
2,Att.to.C.Murder,2021-03-01,34,32
3,Dacoity,2021-03-01,2,1
4,Robbery (Excluding Chain Snatching),2021-03-01,66,54
5,Robbery -Chain Snatching,2021-03-01,14,7
6,Extortion,2021-03-01,25,14
7,H.B.T.Day / Night,2021-03-01,115,28
8,Thefts,2021-03-01,366,104
9,M.V.Thefts.,2021-03-01,329,78
10,Hurt,2021-03-01,435,340
11,Riots.,2021-03-01,27,19
12,Rape,2021-03-01,70,40
13,Molestaion,2021-03-01,201,134
14,Other I.P.C.,2021-03-01,2308,1602
1,Murder,2021-03-31,14.0,15
2,Att.to.C.Murder,2021-03-31,32.0,34
3,Dacoity,2021-03-31,1.0,2
4,Robbery (Excluding Chain Snatching),2021-03-31,54.0,66
5,Robbery -Chain Snatching,2021-03-31,7.0,14
6,Extortion,2021-03-31,14.0,25
7,H.B.T.Day / Night,2021-03-31,28.0,115
8,Thefts,2021-03-31,104.0,366
9,M.V.Thefts.,2021-03-31,78.0,329
10,Hurt,2021-03-31,340.0,435
11,Riots.,2021-03-31,19.0,27
12,Rape,2021-03-31,40.0,70
13,Molestaion,2021-03-31,134.0,201
14,Other I.P.C.,2021-03-31,1602.0,2308
1,Murder,2021-04-30,6.0,7
2,Att.to.C.Murder,2021-04-30,24.0,27
3,Dacoity,2021-04-30,1.0,1
4,Robbery (Excluding Chain Snatching),2021-04-30,28.0,40
5,Robbery -Chain Snatching,2021-04-30,2.0,4
6,Extortion,2021-04-30,5.0,12
7,H.B.T.Day / Night,2021-04-30,31.0,95
8,Thefts,2021-04-30,66.0,258
9,M.V.Thefts.,2021-04-30,39.0,198
10,Hurt,2021-04-30,246.0,321
11,Riots.,2021-04-30,19.0,27
12,Rape,2021-04-30,41.0,66
13,Molestaion,2021-04-30,93.0,138
14,Other I.P.C.,2021-04-30,7326.0,7843
1,Murder,2021-05-31,20.0,22
2,Att.to.C.Murder,2021-05-31,38.0,42
3,Dacoity,2021-05-31,0.0,0
4,Robbery (Excluding Chain Snatching),2021-05-31,48.0,55
5,Robbery -Chain Snatching,2021-05-31,4.0,6
6,Extortion,2021-05-31,15.0,21
7,H.B.T.Day / Night,2021-05-31,37.0,104
8,Thefts,2021-05-31,106.0,303
9,M.V.Thefts.,2021-05-31,49.0,247
10,Hurt,2021-05-31,322.0,419
11,Riots.,2021-05-31,28.0,33
12,Rape,2021-05-31,43.0,71
13,Molestaion,2021-05-31,86.0,136
14,Other I.P.C.,2021-05-31,13063.0,13613
1,Murder,2021-06-30,18.0,19
2,Att.to.C.Murder,2021-06-30,35.0,35
3,Dacoity,2021-06-30,0.0,1
4,Robbery (Excluding Chain Snatching),2021-06-30,34.0,44
5,Robbery -Chain Snatching,2021-06-30,4.0,15
6,Extortion,2021-06-30,16.0,22
7,H.B.T.Day / Night,2021-06-30,39.0,141
8,Thefts,2021-06-30,91.0,342
9,M.V.Thefts.,2021-06-30,63.0,276
10,Hurt,2021-06-30,264.0,323
11,Riots.,2021-06-30,20.0,29
12,Rape,2021-06-30,44.0,66
13,Molestaion,2021-06-30,89.0,146
14,Other I.P.C.,2021-06-30,6925.0,7598
1,Murder,2021-07-31,9.0,9
2,Att.to.C.Murder,2021-07-31,28.0,32
3,Dacoity,2021-07-31,2.0,3
4,Robbery (Excluding Chain Snatching),2021-07-31,58.0,66
5,Robbery -Chain Snatching,2021-07-31,6.0,19
6,Extortion,2021-07-31,21.0,36
7,H.B.T.Day / Night,2021-07-31,54.0,173
8,Thefts,2021-07-31,93.0,388
9,M.V.Thefts.,2021-07-31,60.0,275
10,Hurt,2021-07-31,250.0,313
11,Riots.,2021-07-31,18.0,23
12,Rape,2021-07-31,35.0,58
13,Molestaion,2021-07-31,95.0,152
14,Other I.P.C.,2021-07-31,3438.0,4079
1,Murder,2021-08-31,5.0,6
2,Att.to.C.Murder,2021-08-31,22.0,24
3,Dacoity,2021-08-31,0.0,0
4,Robbery (Excluding Chain Snatching),2021-08-31,55.0,66
5,Robbery -Chain Snatching,2021-08-31,3.0,15
6,Extortion,2021-08-31,13.0,19
7,H.B.T.Day / Night,2021-08-31,55.0,172
8,Thefts,2021-08-31,111.0,445
9,M.V.Thefts.,2021-08-31,61.0,301
10,Hurt,2021-08-31,259.0,337
11,Riots.,2021-08-31,20.0,35
12,Rape,2021-08-31,44.0,59
13,Molestaion,2021-08-31,100.0,156
13,Molestation,2021-08-31,100.0,156
14,Other I.P.C.,2021-08-31,1206.0,1900
1,Murder,2021-09-30,7.0,8
2,Att.to.C.Murder,2021-09-30,19.0,22
3,Dacoity,2021-09-30,1.0,1
4,Robbery (Excluding Chain Snatching),2021-09-30,63.0,80
5,Robbery -Chain Snatching,2021-09-30,6.0,11
6,Extortion,2021-09-30,10.0,14
7,H.B.T.Day / Night,2021-09-30,62.0,145
8,Thefts,2021-09-30,107.0,423
9,M.V.Thefts.,2021-09-30,67.0,262
10,Hurt,2021-09-30,251.0,310
11,Riots.,2021-09-30,19.0,27
12,Rape,2021-09-30,50.0,66
13,Molestation,2021-09-30,150.0,215
14,Other I.P.C.,2021-09-30,820.0,1434
1,Murder,2021-10-01,22.0,22
2,Att.to.C.Murder,2021-10-01,20.0,21
3,Dacoity,2021-10-01,0.0,0
4,Robbery (Excluding Chain Snatching),2021-10-01,61.0,76
5,Robbery -Chain Snatching,2021-10-01,10.0,15
6,Extortion,2021-10-01,13.0,19
7,H.B.T.Day / Night,2021-10-01,49.0,153
8,Thefts,2021-10-01,129.0,432
9,M.V.Thefts.,2021-10-01,94.0,310
10,Hurt,2021-10-01,322.0,401
11,Riots.,2021-10-01,16.0,25
12,Rape,2021-10-01,38.0,54
13,Molestation,2021-10-01,208.0,268
14,Other I.P.C.,2021-10-01,664.0,1314
1,Murder,2021-10-31,22.0,22
2,Att.to.C.Murder,2021-10-31,20.0,21
3,Dacoity,2021-10-31,0.0,0
4,Robbery (Excluding Chain Snatching),2021-10-31,61.0,76
5,Robbery -Chain Snatching,2021-10-31,10.0,15
6,Extortion,2021-10-31,13.0,19
7,H.B.T.Day / Night,2021-10-31,49.0,153
8,Thefts,2021-10-31,129.0,432
9,M.V.Thefts.,2021-10-31,94.0,310
10,Hurt,2021-10-31,322.0,401
11,Riots.,2021-10-31,16.0,25
12,Rape,2021-10-31,38.0,54
13,Molestation,2021-10-31,208.0,268
14,Other I.P.C.,2021-10-31,664.0,1314
1,Murder,2021-11-01,12.0,12
2,Att.to.C.Murder,2021-11-01,20.0,24
3,Dacoity,2021-11-01,1.0,1
4,Robbery (Excluding Chain Snatching),2021-11-01,47.0,57
5,Robbery -Chain Snatching,2021-11-01,5.0,18
6,Extortion,2021-11-01,13.0,20
7,H.B.T.Day / Night,2021-11-01,43.0,139
8,Thefts,2021-11-01,108.0,380
9,M.V.Thefts.,2021-11-01,58.0,236
10,Hurt,2021-11-01,320.0,421
11,Riots.,2021-11-01,25.0,27
12,Rape,2021-11-01,43.0,58
13,Molestation,2021-11-01,144.0,194
14,Other I.P.C.,2021-11-01,594.0,1190
1,Murder,2021-12-01,10.0,10
2,Att.to.C.Murder,2021-12-01,15.0,17
3,Dacoity,2021-12-01,2.0,2
4,Robbery (Excluding Chain Snatching),2021-12-01,43.0,60
5,Robbery -Chain Snatching,2021-12-01,3.0,8
6,Extortion,2021-12-01,21.0,27
7,H.B.T.Day / Night,2021-12-01,40.0,120
8,Thefts,2021-12-01,129.0,437
9,M.V.Thefts.,2021-12-01,59.0,270
10,Hurt,2021-12-01,198.0,282
11,Riots.,2021-12-01,17.0,19
12,Rape,2021-12-01,40.0,55
13,Molestation,2021-12-01,108.0,153
14,Other I.P.C.,2021-12-01,1000.0,1702
1,Murder,2021-12-31,10.0,10
2,Att.to.C.Murder,2021-12-31,15.0,17
3,Dacoity,2021-12-31,2.0,2
4,Robbery (Excluding Chain Snatching),2021-12-31,43.0,60
5,Robbery -Chain Snatching,2021-12-31,3.0,8
6,Extortion,2021-12-31,21.0,27
7,H.B.T.Day / Night,2021-12-31,40.0,120
8,Thefts,2021-12-31,129.0,437
9,M.V.Thefts.,2021-12-31,59.0,270
10,Hurt,2021-12-31,198.0,282
11,Riots.,2021-12-31,17.0,19
12,Rape,2021-12-31,40.0,55
13,Molestation,2021-12-31,108.0,153
14,Other I.P.C.,2021-12-31,1000.0,1702
1,Murder,2022-01-31,7.0,8
2,Att.to.C.Murder,2022-01-31,12.0,12
3,Dacoity,2022-01-31,2.0,2
4,Robbery (Excluding Chain Snatching),2022-01-31,51.0,65
5,Robbery -Chain Snatching,2022-01-31,5.0,9
6,Extortion,2022-01-31,8.0,18
7,H.B.T.Day / Night,2022-01-31,41.0,119
8,Thefts,2022-01-31,116.0,328
9,M.V.Thefts.,2022-01-31,73.0,242
10,Hurt,2022-01-31,261.0,318
11,Riots.,2022-01-31,11.0,17
12,Rape,2022-01-31,48.0,62
13,Molestation,2022-01-31,97.0,143
14,Other I.P.C.,2022-01-31,659.0,1282
1,Murder,2022-02-28,12.0,13
2,Att.to.C.Murder,2022-02-28,14.0,18
3,Dacoity,2022-02-28,1.0,1
4,Robbery (Excluding Chain Snatching),2022-02-28,41.0,56
4,Robbery (Excluding Chain Snatching)95,2022-02-28,41.0,56
5,Robbery -Chain Snatching,2022-02-28,11.0,21
6,Extortion,2022-02-28,12.0,18
7,H.B.T.Day / Night,2022-02-28,62.0,123
8,Thefts,2022-02-28,124.0,347
9,M.V.Thefts.,2022-02-28,42.0,194
10,Hurt,2022-02-28,224.0,291
11,Riots.,2022-02-28,13.0,22
12,Rape,2022-02-28,42.0,56
13,Molestation,2022-02-28,118.0,167
14,Other I.P.C.,2022-02-28,820.0,1404
1,Murder,2022-03-31,8.0,8
2,Att.to.C.Murder,2022-03-31,20.0,21
3,Dacoity,2022-03-31,1.0,1
4,Robbery (Excluding Chain Snatching)95,2022-03-31,,58
4,Robbery (Excluding Chain Snatching),2022-03-31,58.0,95
5,Robbery -Chain Snatching,2022-03-31,12.0,29
6,Extortion,2022-03-31,11.0,22
7,H.B.T.Day / Night,2022-03-31,59.0,153
8,Thefts,2022-03-31,145.0,862
9,M.V.Thefts.,2022-03-31,79.0,285
10,Hurt,2022-03-31,362.0,506
11,Riots.,2022-03-31,27.0,36
12,Rape,2022-03-31,57.0,79
13,Molestation,2022-03-31,152.0,250
14,Other I.P.C.,2022-03-31,5004.0,5901
1,Murder,2022-04-30,11.0,12
2,Att.to.C.Murder,2022-04-30,24.0,28
3,Dacoity,2022-04-30,0.0,0
4,Robbery (Excluding Chain Snatching),2022-04-30,83.0,153
5,Robbery -Chain Snatching,2022-04-30,7.0,16
6,Extortion,2022-04-30,18.0,35
7,H.B.T.Day / Night,2022-04-30,51.0,160
8,Thefts,2022-04-30,186.0,3422
9,M.V.Thefts.,2022-04-30,60.0,287
10,Hurt,2022-04-30,319.0,485
11,Riots.,2022-04-30,32.0,45
12,Rape,2022-04-30,52.0,88
13,Molestation,2022-04-30,154.0,277
14,Other I.P.C.,2022-04-30,7182.0,8429
1,Murder,2022-05-31,10.0,10
2,Att.to.C.Murder,2022-05-31,25.0,30
3,Dacoity,2022-05-31,0.0,0
4,Robbery (Excluding Chain Snatching),2022-05-31,55.0,89
5,Robbery -Chain Snatching,2022-05-31,9.0,22
6,Extortion,2022-05-31,19.0,29
7,H.B.T.Day / Night,2022-05-31,48.0,157
8,Thefts,2022-05-31,189.0,2939
9,M.V.Thefts.,2022-05-31,71.0,308
10,Hurt,2022-05-31,364.0,498
11,Riots.,2022-05-31,20.0,26
12,Rape,2022-05-31,70.0,95
13,Molestation,2022-05-31,156.0,268
14,Other I.P.C.,2022-05-31,6012.0,7075
1,Murder,2022-06-30,16.0,17
2,Att.to.C.Murder,2022-06-30,24.0,26
3,Dacoity,2022-06-30,1.0,1
4,Robbery (Excluding Chain Snatching),2022-06-30,51.0,75
5,Robbery -Chain Snatching,2022-06-30,7.0,12
6,Extortion,2022-06-30,18.0,45
7,H.B.T.Day / Night,2022-06-30,56.0,134
8,Thefts,2022-06-30,204.0,2368
9,M.V.Thefts.,2022-06-30,102.0,309
10,Hurt,2022-06-30,276.0,396
11,Riots.,2022-06-30,21.0,26
12,Rape,2022-06-30,48.0,73
13,Molestation,2022-06-30,110.0,196
14,Other I.P.C.,2022-06-30,5566.0,6614
1,Murder,2022-07-30,13.0,16
2,Att.to.C.Murder,2022-07-30,14.0,17
3,Dacoity,2022-07-30,0.0,0
4,Robbery (Excluding Chain Snatching),2022-07-30,49.0,69
5,Robbery -Chain Snatching,2022-07-30,13.0,22
6,Extortion,2022-07-30,14.0,34
7,H.B.T.Day / Night,2022-07-30,58.0,146
8,Thefts,2022-07-30,198.0,1164
9,M.V.Thefts.,2022-07-30,62.0,275
10,Hurt,2022-07-30,230.0,300
11,Riots.,2022-07-30,9.0,15
12,Rape,2022-07-30,58.0,73
13,Molestation,2022-07-30,69.0,120
14,Other I.P.C.,2022-07-30,1994.0,2984
1,Murder,2022-07-31,13.0,16
2,Att.to.C.Murder,2022-07-31,14.0,17
3,Dacoity,2022-07-31,0.0,0
4,Robbery (Excluding Chain Snatching),2022-07-31,49.0,69
5,Robbery -Chain Snatching,2022-07-31,13.0,22
6,Extortion,2022-07-31,14.0,34
7,H.B.T.Day / Night,2022-07-31,58.0,146
8,Thefts,2022-07-31,198.0,1164
9,M.V.Thefts.,2022-07-31,62.0,275
10,Hurt,2022-07-31,230.0,300
11,Riots.,2022-07-31,9.0,15
12,Rape,2022-07-31,58.0,73
13,Molestation,2022-07-31,69.0,120
14,Other I.P.C.,2022-07-31,1994.0,2984
1,Murder,2022-08-31,10.0,10
2,Att.to.C.Murder,2022-08-31,10.0,14
3,Dacoity,2022-08-31,1.0,1
4,Robbery (Excluding Chain Snatching),2022-08-31,38.0,52
5,Robbery -Chain Snatching,2022-08-31,5.0,12
6,Extortion,2022-08-31,12.0,27
7,H.B.T.Day / Night,2022-08-31,59.0,159
8,Thefts,2022-08-31,204.0,860
9,M.V.Thefts.,2022-08-31,67.0,238
10,Hurt,2022-08-31,259.0,355
11,Riots.,2022-08-31,6.0,12
12,Rape,2022-08-31,42.0,58
13,Molestation,2022-08-31,94.0,143
14,Other I.P.C.,2022-08-31,574.0,1335
1,Murder,2022-09-30,5.0,5
2,Att.to.C.Murder,2022-09-30,22.0,25
3,Dacoity,2022-09-30,4.0,4
4,Robbery (Excluding Chain Snatching),2022-09-30,54.0,64
5,Robbery -Chain Snatching,2022-09-30,4.0,16
6,Extortion,2022-09-30,13.0,22
7,H.B.T.Day / Night,2022-09-30,41.0,143
8,Thefts,2022-09-30,143.0,709
9,M.V.Thefts.,2022-09-30,60.0,235
10,Hurt,2022-09-30,226.0,355
11,Riots.,2022-09-30,13.0,18
12,Rape,2022-09-30,49.0,67
13,Molestation,2022-09-30,122.0,191
14,Other I.P.C.,2022-09-30,546.0,1283
1,Murder,2022-10-31,11.0,12
2,Att.to.C.Murder,2022-10-31,21.0,22
3,Dacoity,2022-10-31,2.0,2
4,Robbery (Excluding Chain Snatching),2022-10-31,45.0,54
5,Robbery -Chain Snatching,2022-10-31,9.0,13
6,Extortion,2022-10-31,7.0,15
7,H.B.T.Day / Night,2022-10-31,33.0,118
8,Thefts,2022-10-31,145.0,678
9,M.V.Thefts.,2022-10-31,38.0,225
10,Hurt,2022-10-31,338.0,454
11,Riots.,2022-10-31,11.0,17
12,Rape,2022-10-31,53.0,70
13,Molestation,2022-10-31,119.0,187
14,Other I.P.C.,2022-10-31,559.0,1339
1,Murder,2022-11-30,6.0,6
2,Att.to.C.Murder,2022-11-30,15.0,15
3,Dacoity,2022-11-30,1.0,1
4,Robbery (Excluding Chain Snatching),2022-11-30,47.0,57
5,Robbery -Chain Snatching,2022-11-30,4.0,9
6,Extortion,2022-11-30,8.0,17
7,H.B.T.Day / Night,2022-11-30,38.0,113
8,Thefts,2022-11-30,114.0,535
9,M.V.Thefts.,2022-11-30,57.0,203
10,Hurt,2022-11-30,207.0,304
11,Riots.,2022-11-30,18.0,25
12,Rape,2022-11-30,43.0,65
13,Molestation,2022-11-30,130.0,190
14,Other I.P.C.,2022-11-30,743.0,1514
1,Murder,2022-12-01,10.0,11
2,Att.to.C.Murder,2022-12-01,15.0,17
3,Dacoity,2022-12-01,0.0,0
4,Prep.for Dacoity,2022-12-01,0.0,0
5,Robbery,2022-12-01,38.0,46
6,Robbery-Chain Snatching,2022-12-01,7.0,8
7,Att.to.C.Robbery,2022-12-01,2.0,2
8,Extortion,2022-12-01,12.0,22
9,H.B.T.Day,2022-12-01,10.0,17
10,H.B.T.Night.,2022-12-01,25.0,80
11,Thefts.,2022-12-01,142.0,601
12,Pocket Picking,2022-12-01,0.0,1
13,M.V.Thefts.,2022-12-01,68.0,256
14,Hurt,2022-12-01,286.0,395
15,Riots.,2022-12-01,12.0,22
16,Rape,2022-12-01,72.0,92
17,Molestation,2022-12-01,168.0,221
18,Other I.P.C.,2022-12-01,980.0,1803
1,Murder,2022-12-31,10.0,11
2,Att.to.C.Murder,2022-12-31,15.0,17
3,Dacoity,2022-12-31,0.0,0
4,Robbery (Excluding Chain Snatching),2022-12-31,38.0,46
5,Robbery -Chain Snatching,2022-12-31,7.0,8
6,Extortion,2022-12-31,12.0,22
7,H.B.T.Day / Night,2022-12-31,35.0,97
8,Thefts,2022-12-31,142.0,602
9,M.V.Thefts.,2022-12-31,68.0,256
10,Hurt,2022-12-31,286.0,395
11,Riots.,2022-12-31,12.0,22
12,Rape,2022-12-31,72.0,92
13,Molestation,2022-12-31,168.0,221
14,Other I.P.C.,2022-12-31,982.0,1805
1,Murder,2023-01-01,10.0,10
2,Att.to.C.Murder,2023-01-01,18.0,18
3,Dacoity,2023-01-01,3.0,3
4,Prep.for Dacoity,2023-01-01,3.0,3
5,Robbery,2023-01-01,52.0,58
6,Robbery-Chain Snatching,2023-01-01,7.0,9
7,Att.to.C.Robbery,2023-01-01,2.0,2
8,Extortion,2023-01-01,8.0,18
9,H.B.T.Day,2023-01-01,8.0,21
10,H.B.T.Night.,2023-01-01,45.0,94
11,Thefts.,2023-01-01,159.0,519
12,Pocket Picking,2023-01-01,1.0,3
13,M.V.Thefts.,2023-01-01,83.0,238
14,Hurt,2023-01-01,267.0,351
15,Riots.,2023-01-01,21.0,27
16,Rape,2023-01-01,59.0,78
17,Molestation,2023-01-01,125.0,172
18,Other I.P.C.,2023-01-01,808.0,1560
0,Total IPC,2023-02-01,1494.0,2993
1,Murder,2023-02-01,9.0,10
2,Att.to.C.Murder,2023-02-01,21.0,24
3,Dacoity,2023-02-01,0.0,1
4,Prep.for Dacoity,2023-02-01,1.0,1
5,Robbery,2023-02-01,44.0,51
6,Robbery-Chain Snatching,2023-02-01,6.0,7
7,Att.to.C.Robbery,2023-02-01,2.0,2
8,Extortion,2023-02-01,11.0,21
9,H.B.T.Day,2023-02-01,6.0,17
10,H.B.T.Night.,2023-02-01,36.0,93
11,Thefts.,2023-02-01,123.0,427
12,Pocket Picking,2023-02-01,0.0,0
13,M.V.Thefts.,2023-02-01,71.0,193
14,Hurt,2023-02-01,251.0,365
15,Riots.,2023-02-01,15.0,24
16,Rape,2023-02-01,43.0,60
17,Molestation,2023-02-01,131.0,175
18,Other I.P.C.,2023-02-01,724.0,1522
0,Total IPC,2023-03-01,1817.0,3502
1,Murder,2023-03-01,6.0,7
2,Att.to.C.Murder,2023-03-01,29.0,30
3,Dacoity,2023-03-01,2.0,3
4,Prep.for Dacoity,2023-03-01,2.0,2
5,Robbery,2023-03-01,52.0,57
6,Robbery-Chain Snatching,2023-03-01,9.0,12
7,Att.to.C.Robbery,2023-03-01,3.0,3
8,Extortion,2023-03-01,13.0,30
9,H.B.T.Day,2023-03-01,7.0,19
10,H.B.T.Night.,2023-03-01,28.0,62
11,Thefts.,2023-03-01,139.0,520
12,Pocket Picking,2023-03-01,1.0,2
13,M.V.Thefts.,2023-03-01,56.0,205
14,Hurt,2023-03-01,324.0,439
15,Riots.,2023-03-01,22.0,32
16,Rape,2023-03-01,72.0,90
17,Molestation,2023-03-01,131.0,189
18,Other I.P.C.,2023-03-01,921.0,1800
0,Total IPC,2023-04-01,2198.0,3762
1,Murder,2023-04-01,9.0,10
2,Att.to.C.Murder,2023-04-01,21.0,21
3,Dacoity,2023-04-01,2.0,2
4,Prep.for Dacoity,2023-04-01,3.0,3
5,Robbery,2023-04-01,41.0,46
6,Robbery-Chain Snatching,2023-04-01,8.0,12
7,Att.to.C.Robbery,2023-04-01,2.0,2
8,Extortion,2023-04-01,7.0,17
9,H.B.T.Day,2023-04-01,9.0,16
10,H.B.T.Night.,2023-04-01,33.0,87
11,Thefts.,2023-04-01,139.0,493
12,Pocket Picking,2023-04-01,0.0,0
13,M.V.Thefts.,2023-04-01,53.0,183
14,Hurt,2023-04-01,313.0,410
15,Riots.,2023-04-01,17.0,25
16,Rape,2023-04-01,61.0,78
17,Molestation,2023-04-01,121.0,178
18,Other I.P.C.,2023-04-01,1359.0,2179
0,Total IPC,2023-05-01,1875.0,3357
1,Murder,2023-05-01,14.0,14
2,Att.to.C.Murder,2023-05-01,22.0,23
3,Dacoity,2023-05-01,0.0,0
4,Prep.for Dacoity,2023-05-01,1.0,1
5,Robbery,2023-05-01,41.0,50
6,Robbery-Chain Snatching,2023-05-01,5.0,9
7,Att.to.C.Robbery,2023-05-01,1.0,1
8,Extortion,2023-05-01,12.0,23
9,H.B.T.Day,2023-05-01,10.0,19
10,H.B.T.Night.,2023-05-01,41.0,106
11,Thefts.,2023-05-01,143.0,465
12,Pocket Picking,2023-05-01,0.0,1
13,M.V.Thefts.,2023-05-01,63.0,225
14,Hurt,2023-05-01,282.0,369
15,Riots.,2023-05-01,6.0,12
16,Rape,2023-05-01,53.0,77
17,Molestation,2023-05-01,129.0,184
18,Other I.P.C.,2023-05-01,1052.0,1778
0,Total IPC,2023-06-01,1694.0,3044
1,Murder,2023-06-01,16.0,16
2,Att.to.C.Murder,2023-06-01,18.0,19
3,Dacoity,2023-06-01,2.0,2
4,Prep.for Dacoity,2023-06-01,3.0,3
5,Robbery,2023-06-01,36.0,45
6,Robbery-Chain Snatching,2023-06-01,9.0,14
7,Att.to.C.Robbery,2023-06-01,0.0,0
8,Extortion,2023-06-01,12.0,18
9,H.B.T.Day,2023-06-01,7.0,17
10,H.B.T.Night.,2023-06-01,28.0,72
11,Thefts.,2023-06-01,144.0,454
12,Pocket Picking,2023-06-01,0.0,0
13,M.V.Thefts.,2023-06-01,57.0,240
14,Hurt,2023-06-01,272.0,351
15,Riots.,2023-06-01,17.0,20
16,Rape,2023-06-01,52.0,64
17,Molestation,2023-06-01,134.0,183
18,Other I.P.C.,2023-06-01,887.0,1526
0,Total IPC,2023-07-01,2305.0,3630
1,Murder,2023-07-01,3.0,5
2,Att.to.C.Murder,2023-07-01,15.0,15
3,Dacoity,2023-07-01,1.0,1
4,Prep.for Dacoity,2023-07-01,0.0,0
5,Robbery,2023-07-01,47.0,55
6,Robbery-Chain Snatching,2023-07-01,7.0,7
7,Att.to.C.Robbery,2023-07-01,1.0,1
8,Extortion,2023-07-01,14.0,23
9,H.B.T.Day,2023-07-01,13.0,27
10,H.B.T.Night.,2023-07-01,48.0,107
11,Thefts.,2023-07-01,164.0,484
12,Pocket Picking,2023-07-01,4.0,4
13,M.V.Thefts.,2023-07-01,58.0,215
14,Hurt,2023-07-01,224.0,266
15,Riots.,2023-07-01,13.0,19
16,Rape,2023-07-01,60.0,72
17,Molestation,2023-07-01,135.0,165
18,Other I.P.C.,2023-07-01,1498.0,2164
0,Total IPC,2023-08-01,2566.0,4057
1,Murder,2023-08-01,9.0,9
2,Att.to.C.Murder,2023-08-01,29.0,29
3,Dacoity,2023-08-01,2.0,3
4,Prep.for Dacoity,2023-08-01,5.0,5
5,Robbery,2023-08-01,58.0,63
6,Robbery-Chain Snatching,2023-08-01,6.0,7
7,Att.to.C.Robbery,2023-08-01,2.0,2
8,Extortion,2023-08-01,19.0,24
9,H.B.T.Day,2023-08-01,11.0,21
10,H.B.T.Night.,2023-08-01,49.0,92
11,Thefts.,2023-08-01,183.0,603
12,Pocket Picking,2023-08-01,1.0,1
13,M.V.Thefts.,2023-08-01,70.0,252
14,Hurt,2023-08-01,268.0,324
15,Riots.,2023-08-01,15.0,19
16,Rape,2023-08-01,64.0,78
17,Molestation,2023-08-01,130.0,163
18,Other I.P.C.,2023-08-01,1645.0,2362
0,Total IPC,2023-09-01,2575.0,4157
1,Murder,2023-09-01,3.0,5
2,Att.to.C.Murder,2023-09-01,27.0,28
3,Dacoity,2023-09-01,2.0,2
4,Prep.for Dacoity,2023-09-01,4.0,4
5,Robbery,2023-09-01,57.0,61
6,Robbery-Chain Snatching,2023-09-01,8.0,9
7,Att.to.C.Robbery,2023-09-01,0.0,0
8,Extortion,2023-09-01,11.0,21
9,H.B.T.Day,2023-09-01,7.0,20
10,H.B.T.Night.,2023-09-01,33.0,94
11,Thefts.,2023-09-01,207.0,806
12,Pocket Picking,2023-09-01,2.0,2
13,M.V.Thefts.,2023-09-01,43.0,200
14,Hurt,2023-09-01,262.0,318
15,Riots.,2023-09-01,21.0,26
16,Rape,2023-09-01,43.0,60
17,Molestation,2023-09-01,131.0,163
18,Other I.P.C.,2023-09-01,1714.0,2338
1,Murder,2023-09-30,3.0,5
2,Att.to.C.Murder,2023-09-30,27.0,28
3,Dacoity,2023-09-30,2.0,2
4,Prep.for Dacoity,2023-09-30,4.0,4
5,Robbery,2023-09-30,57.0,61
6,Robbery-Chain Snatching,2023-09-30,8.0,9
7,Att.to.C.Robbery,2023-09-30,0.0,0
8,Extortion,2023-09-30,11.0,21
9,H.B.T.Day,2023-09-30,7.0,20
10,H.B.T.Night.,2023-09-30,33.0,94
11,Thefts.,2023-09-30,207.0,806
12,Pocket Picking,2023-09-30,2.0,2
13,M.V.Thefts.,2023-09-30,43.0,200
14,Hurt,2023-09-30,262.0,318
15,Riots.,2023-09-30,21.0,26
16,Rape,2023-09-30,43.0,60
17,Molestation,2023-09-30,131.0,163
18,Other I.P.C.,2023-09-30,1714.0,2338
1,Murder,2023-10-01,11.0,12
2,Att.to.C.Murder,2023-10-01,26.0,28
3,Dacoity,2023-10-01,0.0,0
4,Prep.for Dacoity,2023-10-01,1.0,1
5,Robbery,2023-10-01,53.0,57
6,Robbery-Chain Snatching,2023-10-01,13.0,18
7,Att.to.C.Robbery,2023-10-01,0.0,0
8,Extortion,2023-10-01,13.0,17
9,H.B.T.Day,2023-10-01,4.0,20
10,H.B.T.Night.,2023-10-01,45.0,92
11,Thefts.,2023-10-01,193.0,691
12,Pocket Picking,2023-10-01,0.0,0
13,M.V.Thefts.,2023-10-01,77.0,264
14,Hurt,2023-10-01,364.0,437
15,Riots.,2023-10-01,30.0,36
16,Rape,2023-10-01,62.0,83
17,Molestation,2023-10-01,179.0,213
18,Other I.P.C.,2023-10-01,1772.0,2523
1,Murder,2023-10-31,11.0,12
2,Att.to.C.Murder,2023-10-31,26.0,28
3,Dacoity,2023-10-31,0.0,0
4,Prep.for Dacoity,2023-10-31,1.0,1
5,Robbery,2023-10-31,53.0,57
6,Robbery-Chain Snatching,2023-10-31,13.0,18
7,Att.to.C.Robbery,2023-10-31,0.0,0
8,Extortion,2023-10-31,13.0,17
9,H.B.T.Day,2023-10-31,4.0,20
10,H.B.T.Night.,2023-10-31,45.0,92
11,Thefts.,2023-10-31,193.0,691
12,Pocket Picking,2023-10-31,0.0,0
13,M.V.Thefts.,2023-10-31,77.0,264
14,Hurt,2023-10-31,364.0,437
15,Riots.,2023-10-31,30.0,36
16,Rape,2023-10-31,62.0,83
17,Molestation,2023-10-31,179.0,213
18,Other I.P.C.,2023-10-31,1772.0,2523
1,Murder,2023-11-01,8.0,8
2,Att.to.C.Murder,2023-11-01,35.0,41
3,Dacoity,2023-11-01,2.0,2
4,Prep.for Dacoity,2023-11-01,0.0,0
5,Robbery,2023-11-01,40.0,45
6,Robbery-Chain Snatching,2023-11-01,7.0,7
7,Att.to.C.Robbery,2023-11-01,3.0,3
8,Extortion,2023-11-01,9.0,17
9,H.B.T.Day,2023-11-01,10.0,15
10,H.B.T.Night.,2023-11-01,28.0,85
11,Thefts.,2023-11-01,173.0,662
12,Pocket Picking,2023-11-01,1.0,1
13,M.V.Thefts.,2023-11-01,66.0,229
14,Hurt,2023-11-01,351.0,428
15,Riots.,2023-11-01,26.0,29
16,Rape,2023-11-01,42.0,53
17,Molestation,2023-11-01,143.0,184
18,Other I.P.C.,2023-11-01,1929.0,2585
0,Total IPC,2023-12-01,3975.0,5301
1,Murder,2023-12-01,9.0,10
2,Att.to.C.Murder,2023-12-01,15.0,16
3,Dacoity,2023-12-01,2.0,2
4,Prep.for Dacoity,2023-12-01,0.0,0
5,Robbery,2023-12-01,47.0,55
6,Robbery-Chain Snatching,2023-12-01,2.0,4
7,Att.to.C.Robbery,2023-12-01,1.0,4
8,Extortion,2023-12-01,23.0,29
9,H.B.T.Day,2023-12-01,4.0,19
10,H.B.T.Night.,2023-12-01,27.0,81
11,Thefts.,2023-12-01,182.0,554
12,Pocket Picking,2023-12-01,0.0,1
13,M.V.Thefts.,2023-12-01,52.0,227
14,Hurt,2023-12-01,331.0,390
15,Riots.,2023-12-01,15.0,17
16,Rape,2023-12-01,61.0,80
17,Molestation,2023-12-01,175.0,197
18,Other I.P.C.,2023-12-01,3029.0,3615
0,Total IPC,2024-01-01,3196.0,4805
1,Murder,2024-01-01,8.0,9
2,Att.to.C.Murder,2024-01-01,27.0,27
3,Dacoity,2024-01-01,2.0,2
4,Prep.for Dacoity,2024-01-01,2.0,2
5,Robbery,2024-01-01,39.0,50
6,Robbery-Chain Snatching,2024-01-01,6.0,10
7,Att.to.C.Robbery,2024-01-01,1.0,1
8,Extortion,2024-01-01,9.0,15
9,H.B.T.Day,2024-01-01,11.0,22
10,H.B.T.Night.,2024-01-01,37.0,72
11,Thefts.,2024-01-01,207.0,801
12,Pocket Picking,2024-01-01,0.0,0
13,M.V.Thefts.,2024-01-01,51.0,191
14,Hurt,2024-01-01,285.0,340
15,Riots.,2024-01-01,23.0,28
16,Rape,2024-01-01,47.0,60
17,Molestation,2024-01-01,152.0,184
18,Other I.P.C.,2024-01-01,2289.0,2991
0,Total IPC,2024-01-02,2876.0,4833
1,Murder,2024-01-02,8.0,8
2,Att.to.C.Murder,2024-01-02,24.0,26
3,Dacoity,2024-01-02,2.0,2
4,Prep.for Dacoity,2024-01-02,1.0,1
5,Robbery,2024-01-02,46.0,52
6,Robbery-Chain Snatching,2024-01-02,8.0,14
7,Att.to.C.Robbery,2024-01-02,2.0,2
8,Extortion,2024-01-02,22.0,27
9,H.B.T.Day,2024-01-02,12.0,24
10,H.B.T.Night.,2024-01-02,48.0,86
11,Thefts.,2024-01-02,210.0,1050
12,Pocket Picking,2024-01-02,1.0,1
13,M.V.Thefts.,2024-01-02,78.0,242
14,Hurt,2024-01-02,276.0,327
15,Riots.,2024-01-02,15.0,16
16,Rape,2024-01-02,54.0,67
17,Molestation,2024-01-02,140.0,168
18,Other I.P.C.,2024-01-02,1929.0,2720
0,Total IPC,2024-02-01,2876.0,4833
1,Murder,2024-02-01,8.0,8
2,Att.to.C.Murder,2024-02-01,24.0,26
3,Dacoity,2024-02-01,2.0,2
4,Prep.for Dacoity,2024-02-01,1.0,1
5,Robbery,2024-02-01,46.0,52
6,Robbery-Chain Snatching,2024-02-01,8.0,14
7,Att.to.C.Robbery,2024-02-01,2.0,2
8,Extortion,2024-02-01,22.0,27
9,H.B.T.Day,2024-02-01,12.0,24
10,H.B.T.Night.,2024-02-01,48.0,86
11,Thefts.,2024-02-01,210.0,1050
12,Pocket Picking,2024-02-01,1.0,1
13,M.V.Thefts.,2024-02-01,78.0,242
14,Hurt,2024-02-01,276.0,327
15,Riots.,2024-02-01,15.0,16
16,Rape,2024-02-01,54.0,67
17,Molestation,2024-02-01,140.0,168
18,Other I.P.C.,2024-02-01,1929.0,2720
0,Total IPC,2024-03-01,2790.0,4753
1,Murder,2024-03-01,8.0,8
2,Att.to.C.Murder,2024-03-01,33.0,35
3,Dacoity,2024-03-01,1.0,1
4,Prep.for Dacoity,2024-03-01,1.0,1
5,Robbery,2024-03-01,57.0,62
6,Robbery-Chain Snatching,2024-03-01,9.0,10
7,Att.to.C.Robbery,2024-03-01,0.0,0
8,Extortion,2024-03-01,11.0,21
9,H.B.T.Day,2024-03-01,10.0,31
10,H.B.T.Night.,2024-03-01,45.0,100
11,Thefts.,2024-03-01,215.0,940
12,Pocket Picking,2024-03-01,0.0,0
13,M.V.Thefts.,2024-03-01,85.0,221
14,Hurt,2024-03-01,421.0,495
15,Riots.,2024-03-01,36.0,41
16,Rape,2024-03-01,65.0,81
17,Molestation,2024-03-01,186.0,231
18,Other I.P.C.,2024-03-01,1607.0,2475
0,Total IPC,2024-04-01,2612.0,4400
1,Murder,2024-04-01,8.0,10
2,Att.to.C.Murder,2024-04-01,39.0,42
3,Dacoity,2024-04-01,5.0,5
4,Prep.for Dacoity,2024-04-01,0.0,0
5,Robbery,2024-04-01,43.0,49
6,Robbery-Chain Snatching,2024-04-01,9.0,14
7,Att.to.C.Robbery,2024-04-01,0.0,0
8,Extortion,2024-04-01,15.0,21
9,H.B.T.Day,2024-04-01,8.0,20
10,H.B.T.Night.,2024-04-01,30.0,70
11,Thefts.,2024-04-01,174.0,822
12,Pocket Picking,2024-04-01,0.0,0
13,M.V.Thefts.,2024-04-01,73.0,240
14,Hurt,2024-04-01,343.0,391
15,Riots.,2024-04-01,19.0,22
16,Rape,2024-04-01,60.0,83
17,Molestation,2024-04-01,175.0,211
18,Other I.P.C.,2024-04-01,1611.0,2400
0,Total IPC,2024-05-01,2509.0,4346
1,Murder,2024-05-01,11.0,11
2,Att.to.C.Murder,2024-05-01,26.0,28
3,Dacoity,2024-05-01,1.0,1
4,Prep.for Dacoity,2024-05-01,1.0,1
5,Robbery,2024-05-01,38.0,44
6,Robbery-Chain Snatching,2024-05-01,8.0,13
7,Att.to.C.Robbery,2024-05-01,3.0,3
8,Extortion,2024-05-01,10.0,17
9,H.B.T.Day,2024-05-01,5.0,12
10,H.B.T.Night.,2024-05-01,24.0,94
11,Thefts.,2024-05-01,147.0,838
12,Pocket Picking,2024-05-01,0.0,0
13,M.V.Thefts.,2024-05-01,36.0,189
14,Hurt,2024-05-01,327.0,391
15,Riots.,2024-05-01,27.0,31
16,Rape,2024-05-01,54.0,74
17,Molestation,2024-05-01,146.0,182
18,Other I.P.C.,2024-05-01,1645.0,2417
0,Total IPC,2024-06-01,3504.0,5293
1,Murder,2024-06-01,8.0,8
2,Att.to.C.Murder,2024-06-01,21.0,21
3,Dacoity,2024-06-01,0.0,0
4,Prep.for Dacoity,2024-06-01,1.0,1
5,Robbery,2024-06-01,50.0,53
6,Robbery-Chain Snatching,2024-06-01,9.0,16
6,Robbery Chain Snatching,2024-06-01,9.0,16
7,Att.to.C.Robbery,2024-06-01,0.0,1
8,Extortion,2024-06-01,9.0,15
9,H.B.T.Day,2024-06-01,6.0,15
10,H.B.T.Night.,2024-06-01,41.0,110
11,Thefts.,2024-06-01,148.0,678
12,Pocket Picking,2024-06-01,0.0,0
12,M.V.Thefts.,2024-06-01,52.0,223
13,M.V.Thefts.,2024-06-01,52.0,223
13,Snatching,2024-06-01,0.0,0
14,Hurt,2024-06-01,337.0,394
15,Riots.,2024-06-01,18.0,23
16,Rape,2024-06-01,49.0,63
17,Molestation,2024-06-01,158.0,193
18,Other I.P.C.,2024-06-01,2597.0,3479
1,Murder,2024-07-01,5.0,5
2,Att.to.C.Murder,2024-07-01,15.0,16
3,Dacoity,2024-07-01,1.0,1
4,Prep.for Dacoity,2024-07-01,0.0,0
5,Robbery,2024-07-01,18.0,22
6,Robbery Chain Snatching,2024-07-01,2.0,3
7,Att.to.C.Robbery,2024-07-01,4.0,5
8,Extortion,2024-07-01,3.0,8
9,H.B.T.Day,2024-07-01,5.0,19
10,H.B.T.Night.,2024-07-01,34.0,105
11,Thefts.,2024-07-01,112.0,567
12,M.V.Thefts.,2024-07-01,39.0,199
13,Snatching,2024-07-01,1.0,10
14,Hurt,2024-07-01,203.0,256
15,Riots.,2024-07-01,19.0,23
16,Rape,2024-07-01,48.0,64
17,Molestation,2024-07-01,104.0,134
18,Other I.P.C.,2024-07-01,1789.0,2539
1,Murder,2024-08-01,10.0,10
2,Att.to.C.Murder,2024-08-01,30.0,31
3,Dacoity,2024-08-01,2.0,2
4,Prep.for Dacoity,2024-08-01,1.0,1
5,Robbery,2024-08-01,27.0,31
6,Robbery Chain Snatching,2024-08-01,3.0,4
7,Att.to.C.Robbery,2024-08-01,3.0,3
8,Extortion,2024-08-01,11.0,17
9,H.B.T.Day,2024-08-01,10.0,20
10,H.B.T.Night.,2024-08-01,35.0,102
11,Thefts.,2024-08-01,118.0,570
12,M.V.Thefts.,2024-08-01,72.0,247
13,Snatching,2024-08-01,11.0,21
14,Hurt,2024-08-01,265.0,332
15,Riots.,2024-08-01,19.0,24
16,Rape,2024-08-01,89.0,111
17,Molestation,2024-08-01,231.0,269
18,Other I.P.C.,2024-08-01,1962.0,2937
1,Murder,2024-09-01,4.0,5
2,Att.to.C.Murder,2024-09-01,13.0,14
3,Dacoity,2024-09-01,5.0,5
4,Prep.for Dacoity,2024-09-01,1.0,1
5,Robbery,2024-09-01,33.0,34
6,Robbery Chain Snatching,2024-09-01,9.0,11
7,Att.to.C.Robbery,2024-09-01,1.0,1
8,Extortion,2024-09-01,5.0,8
9,H.B.T.Day,2024-09-01,2.0,19
10,H.B.T.Night.,2024-09-01,25.0,84
11,Thefts.,2024-09-01,141.0,587
12,M.V.Thefts.,2024-09-01,44.0,183
13,Snatching,2024-09-01,12.0,26
14,Hurt,2024-09-01,282.0,366
15,Riots.,2024-09-01,22.0,25
16,Rape,2024-09-01,67.0,89
17,Molestation,2024-09-01,230.0,267
18,Other I.P.C.,2024-09-01,1041.0,1775
1,Murder,2024-10-01,8.0,9
2,Att.to.C.Murder,2024-10-01,23.0,26
3,Dacoity,2024-10-01,0.0,1
4,Prep.for Dacoity,2024-10-01,1.0,1
5,Robbery,2024-10-01,23.0,26
6,Robbery Chain Snatching,2024-10-01,7.0,7
7,Att.to.C.Robbery,2024-10-01,1.0,1
8,Extortion,2024-10-01,12.0,17
9,H.B.T.Day,2024-10-01,6.0,22
10,H.B.T.Night.,2024-10-01,30.0,86
11,Thefts.,2024-10-01,139.0,590
12,M.V.Thefts.,2024-10-01,52.0,240
13,Snatching,2024-10-01,12.0,23
14,Hurt,2024-10-01,303.0,400
15,Riots.,2024-10-01,25.0,29
16,Rape,2024-10-01,69.0,89
17,Molestation,2024-10-01,170.0,227
18,Other I.P.C.,2024-10-01,1955.0,2821
1,Murder,2024-11-01,11.0,13
2,Att.to.C.Murder,2024-11-01,14.0,16
3,Dacoity,2024-11-01,0.0,0
4,Prep.for Dacoity,2024-11-01,1.0,1
5,Robbery,2024-11-01,15.0,21
6,Robbery Chain Snatching,2024-11-01,5.0,7
7,Att.to.C.Robbery,2024-11-01,1.0,1
8,Extortion,2024-11-01,7.0,12
9,H.B.T.Day,2024-11-01,4.0,12
10,H.B.T.Night.,2024-11-01,20.0,70
11,Thefts.,2024-11-01,91.0,377
12,M.V.Thefts.,2024-11-01,45.0,208
13,Snatching,2024-11-01,1.0,12
14,Hurt,2024-11-01,248.0,325
15,Riots.,2024-11-01,23.0,34
16,Rape,2024-11-01,57.0,82
17,Molestation,2024-11-01,121.0,153
18,Other I.P.C.,2024-11-01,1144.0,1741
1,Murder,2024-12-01,6.0,6
2,Att.to.C.Murder,2024-12-01,18.0,19
3,Dacoity,2024-12-01,0.0,0
4,Prep.for Dacoity,2024-12-01,0.0,0
5,Robbery,2024-12-01,22.0,26
6,Robbery Chain Snatching,2024-12-01,2.0,6
7,Att.to.C.Robbery,2024-12-01,0.0,0
8,Extortion,2024-12-01,14.0,18
9,H.B.T.Day,2024-12-01,10.0,19
10,H.B.T.Night.,2024-12-01,34.0,87
11,Thefts.,2024-12-01,114.0,460
12,M.V.Thefts.,2024-12-01,56.0,203
13,Snatching,2024-12-01,3.0,14
14,Hurt,2024-12-01,292.0,359
15,Riots.,2024-12-01,18.0,24
16,Rape,2024-12-01,49.0,75
17,Molestation,2024-12-01,145.0,180
18,Other I.P.C.,2024-12-01,2192.0,2876
1,Murder,2024-12-31,6.0,6
2,Att.to.C.Murder,2024-12-31,18.0,19
3,Dacoity,2024-12-31,0.0,0
4,Prep.for Dacoity,2024-12-31,0.0,0
5,Robbery,2024-12-31,22.0,26
6,Robbery Chain Snatching,2024-12-31,2.0,6
7,Att.to.C.Robbery,2024-12-31,0.0,0
8,Extortion,2024-12-31,14.0,18
9,H.B.T.Day,2024-12-31,10.0,19
10,H.B.T.Night.,2024-12-31,34.0,87
11,Thefts.,2024-12-31,114.0,460
12,M.V.Thefts.,2024-12-31,56.0,203
13,Snatching,2024-12-31,3.0,14
14,Hurt,2024-12-31,292.0,359
15,Riots.,2024-12-31,18.0,24
16,Rape,2024-12-31,49.0,75
17,Molestation,2024-12-31,145.0,180
18,Other I.P.C.,2024-12-31,2192.0,2876
1,Murder,2025-01-01,8.0,9
2,Att.to.C.Murder,2025-01-01,21.0,24
3,Dacoity,2025-01-01,1.0,1
4,Prep.for Dacoity,2025-01-01,1.0,1
5,Robbery,2025-01-01,30.0,34
6,Robbery Chain Snatching,2025-01-01,9.0,16
7,Att.to.C.Robbery,2025-01-01,3.0,4
8,Extortion,2025-01-01,15.0,25
9,H.B.T.Day,2025-01-01,6.0,19
10,H.B.T.Night.,2025-01-01,46.0,86
11,Thefts.,2025-01-01,144.0,493
12,M.V.Thefts.,2025-01-01,57.0,182
13,Snatching,2025-01-01,7.0,20
14,Hurt,2025-01-01,276.0,336
15,Riots.,2025-01-01,20.0,24
16,Rape,2025-01-01,59.0,80
17,Molestation,2025-01-01,182.0,229
18,Other I.P.C.,2025-01-01,1920.0,2700
1,Murder,2025-01-31,8.0,9
2,Att.to.C.Murder,2025-01-31,21.0,24
3,Dacoity,2025-01-31,1.0,1
4,Prep.for Dacoity,2025-01-31,1.0,1
5,Robbery,2025-01-31,30.0,34
6,Robbery Chain Snatching,2025-01-31,9.0,16
7,Att.to.C.Robbery,2025-01-31,3.0,4
8,Extortion,2025-01-31,15.0,25
9,H.B.T.Day,2025-01-31,6.0,19
10,H.B.T.Night.,2025-01-31,46.0,86
11,Thefts.,2025-01-31,144.0,494
12,M.V.Thefts.,2025-01-31,57.0,182
13,Snatching,2025-01-31,7.0,20
14,Hurt,2025-01-31,276.0,336
15,Riots.,2025-01-31,20.0,24
16,Rape,2025-01-31,61.0,82
17,Molestation,2025-01-31,184.0,231
18,Other I.P.C.,2025-01-31,1921.0,2707
1,Murder,2025-02-01,9.0,10
2,Att.to.C.Murder,2025-02-01,19.0,20
3,Dacoity,2025-02-01,0.0,0
4,Prep.for Dacoity,2025-02-01,0.0,0
5,Robbery,2025-02-01,14.0,14
6,Robbery Chain Snatching,2025-02-01,2.0,2
7,Att.to.C.Robbery,2025-02-01,1.0,1
8,Extortion,2025-02-01,11.0,19
9,H.B.T.Day,2025-02-01,5.0,16
10,H.B.T.Night.,2025-02-01,21.0,60
11,Thefts.,2025-02-01,118.0,438
12,M.V.Thefts.,2025-02-01,55.0,181
13,Snatching,2025-02-01,5.0,13
14,Hurt,2025-02-01,249.0,322
15,Riots.,2025-02-01,28.0,34
16,Rape,2025-02-01,57.0,78
17,Molestation,2025-02-01,157.0,190
18,Other I.P.C.,2025-02-01,1662.0,2414
1,Murder,2025-03-01,14.0,15
2,Att.to.C.Murder,2025-03-01,24.0,24
3,Dacoity,2025-03-01,0.0,0
4,Prep.for Dacoity,2025-03-01,0.0,0
5,Robbery,2025-03-01,23.0,28
6,Robbery Chain Snatching,2025-03-01,0.0,2
7,Att.to.C.Robbery,2025-03-01,0.0,0
8,Extortion,2025-03-01,18.0,25
9,H.B.T.Day,2025-03-01,4.0,11
10,H.B.T.Night.,2025-03-01,25.0,66
11,Thefts.,2025-03-01,98.0,465
12,M.V.Thefts.,2025-03-01,59.0,177
13,Snatching,2025-03-01,8.0,19
14,Hurt,2025-03-01,381.0,464
15,Riots.,2025-03-01,31.0,38
16,Rape,2025-03-01,72.0,92
17,Molestation,2025-03-01,190.0,246
18,Other I.P.C.,2025-03-01,1515.0,2350
1,Murder,2025-04-01,12.0,12
2,Att.to.C.Murder,2025-04-01,33.0,36
3,Dacoity,2025-04-01,1.0,1
4,Prep.for Dacoity,2025-04-01,0.0,0
5,Robbery,2025-04-01,13.0,14
6,Robbery Chain Snatching,2025-04-01,8.0,11
7,Att.to.C.Robbery,2025-04-01,0.0,0
8,Extortion,2025-04-01,22.0,29
9,H.B.T.Day,2025-04-01,7.0,16
10,H.B.T.Night.,2025-04-01,24.0,54
11,Thefts.,2025-04-01,114.0,498
12,M.V.Thefts.,2025-04-01,43.0,162
13,Snatching,2025-04-01,8.0,13
14,Hurt,2025-04-01,291.0,367
15,Riots.,2025-04-01,33.0,38
16,Rape,2025-04-01,76.0,106
17,Molestation,2025-04-01,179.0,214
18,Other I.P.C.,2025-04-01,1595.0,2448
1,Murder,2025-05-01,15.0,16
2,Att.to.C.Murder,2025-05-01,21.0,22
3,Dacoity,2025-05-01,1.0,1
4,Prep.for Dacoity,2025-05-01,0.0,0
5,Robbery,2025-05-01,9.0,11
6,Robbery Chain Snatching,2025-05-01,2.0,4
7,Att.to.C.Robbery,2025-05-01,0.0,0
8,Extortion,2025-05-01,14.0,21
9,H.B.T.Day,2025-05-01,8.0,17
10,H.B.T.Night.,2025-05-01,22.0,70
11,Thefts.,2025-05-01,142.0,1141
12,M.V.Thefts.,2025-05-01,39.0,167
13,Snatching,2025-05-01,8.0,22
14,Hurt,2025-05-01,311.0,368
15,Riots.,2025-05-01,33.0,37
16,Rape,2025-05-01,63.0,99
17,Molestation,2025-05-01,171.0,211
18,Other I.P.C.,2025-05-01,3106.0,3813
1,Murder,2025-06-01,5.0,6
2,Att.to.C.Murder,2025-06-01,34.0,35
3,Dacoity,2025-06-01,2.0,2
4,Prep.for Dacoity,2025-06-01,1.0,1
5,Robbery,2025-06-01,33.0,35
6,Robbery Chain Snatching,2025-06-01,7.0,7
7,Att.to.C.Robbery,2025-06-01,2.0,2
8,Extortion,2025-06-01,21.0,24
9,H.B.T.Day,2025-06-01,3.0,12
10,H.B.T.Night.,2025-06-01,35.0,88
11,Thefts.,2025-06-01,163.0,872
12,M.V.Thefts.,2025-06-01,71.0,221
13,Snatching,2025-06-01,9.0,23
14,Hurt,2025-06-01,286.0,330
15,Riots.,2025-06-01,24.0,26
16,Rape,2025-06-01,76.0,99
17,Molestation,2025-06-01,176.0,202
18,Other I.P.C.,2025-06-01,3979.0,4587
1,Murder,2025-06-30,5.0,6
2,Att.to.C.Murder,2025-06-30,34.0,35
3,Dacoity,2025-06-30,2.0,2
4,Prep.for Dacoity,2025-06-30,1.0,1
5,Robbery,2025-06-30,33.0,35
6,Robbery Chain Snatching,2025-06-30,7.0,7
7,Att.to.C.Robbery,2025-06-30,2.0,2
8,Extortion,2025-06-30,21.0,24
9,H.B.T.Day,2025-06-30,3.0,12
10,H.B.T.Night.,2025-06-30,35.0,88
11,Thefts.,2025-06-30,163.0,872
12,M.V.Thefts.,2025-06-30,71.0,221
13,Snatching,2025-06-30,9.0,23
14,Hurt,2025-06-30,286.0,330
15,Riots.,2025-06-30,24.0,26
16,Rape,2025-06-30,76.0,99
17,Molestation,2025-06-30,176.0,202
18,Other I.P.C.,2025-06-30,3979.0,4587
1,Murder,2025-07-01,6.0,6
2,Att.to.C.Murder,2025-07-01,23.0,23
3,Dacoity,2025-07-01,2.0,2
4,Prep.for Dacoity,2025-07-01,0.0,0
5,Robbery,2025-07-01,21.0,21
6,Robbery Chain Snatching,2025-07-01,5.0,7
7,Att.to.C.Robbery,2025-07-01,0.0,0
8,Extortion,2025-07-01,25.0,28
9,H.B.T.Day,2025-07-01,6.0,16
10,H.B.T.Night.,2025-07-01,31.0,85
11,Thefts.,2025-07-01,163.0,736
12,M.V.Thefts.,2025-07-01,75.0,214
13,Snatching,2025-07-01,8.0,14
14,Hurt,2025-07-01,266.0,291
15,Riots.,2025-07-01,40.0,44
16,Rape,2025-07-01,84.0,104
17,Molestation,2025-07-01,183.0,199
18,Other I.P.C.,2025-07-01,3844.0,4614
1,Murder,2025-07-31,6.0,6
2,Att.to.C.Murder,2025-07-31,23.0,23
3,Dacoity,2025-07-31,2.0,2
4,Prep.for Dacoity,2025-07-31,0.0,0
5,Robbery,2025-07-31,21.0,21
6,Robbery Chain Snatching,2025-07-31,5.0,7
7,Att.to.C.Robbery,2025-07-31,0.0,0
8,Extortion,2025-07-31,25.0,28
9,H.B.T.Day,2025-07-31,6.0,16
10,H.B.T.Night.,2025-07-31,31.0,85
11,Thefts.,2025-07-31,163.0,736
12,M.V.Thefts.,2025-07-31,75.0,214
13,Snatching,2025-07-31,8.0,14
14,Hurt,2025-07-31,266.0,291
15,Riots.,2025-07-31,40.0,44
16,Rape,2025-07-31,84.0,104
17,Molestation,2025-07-31,183.0,199
18,Other I.P.C.,2025-07-31,3844.0,4614
1,Murder,2025-08-01,6.0,6
2,Att.to.C.Murder,2025-08-01,16.0,16
3,Dacoity,2025-08-01,0.0,1
4,Prep.for Dacoity,2025-08-01,0.0,0
5,Robbery,2025-08-01,22.0,23
6,Robbery Chain Snatching,2025-08-01,4.0,6
7,Att.to.C.Robbery,2025-08-01,1.0,1
8,Extortion,2025-08-01,23.0,26
9,H.B.T.Day,2025-08-01,4.0,13
10,H.B.T.Night.,2025-08-01,34.0,79
11,Thefts.,2025-08-01,172.0,707
12,M.V.Thefts.,2025-08-01,71.0,214
13,Snatching,2025-08-01,3.0,8
14,Hurt,2025-08-01,253.0,295
15,Riots.,2025-08-01,22.0,28
16,Rape,2025-08-01,65.0,91
17,Molestation,2025-08-01,143.0,177
18,Other I.P.C.,2025-08-01,3239.0,3913
1,Murder,2025-08-31,6.0,6
2,Att.to.C.Murder,2025-08-31,16.0,16
3,Dacoity,2025-08-31,0.0,1
4,Prep.for Dacoity,2025-08-31,0.0,0
5,Robbery,2025-08-31,22.0,23
6,Robbery Chain Snatching,2025-08-31,4.0,6
7,Att.to.C.Robbery,2025-08-31,1.0,1
8,Extortion,2025-08-31,23.0,26
9,H.B.T.Day,2025-08-31,4.0,13
10,H.B.T.Night.,2025-08-31,34.0,79
11,Thefts.,2025-08-31,172.0,707
12,M.V.Thefts.,2025-08-31,71.0,214
13,Snatching,2025-08-31,3.0,8
14,Hurt,2025-08-31,253.0,295
15,Riots.,2025-08-31,22.0,28
16,Rape,2025-08-31,65.0,91
17,Molestation,2025-08-31,143.0,177
18,Other I.P.C.,2025-08-31,3239.0,3913
1,Murder,2025-09-01,11.0,11
2,Att.to.C.Murder,2025-09-01,29.0,31
3,Dacoity,2025-09-01,1.0,1
4,Prep.for Dacoity,2025-09-01,0.0,0
5,Robbery,2025-09-01,23.0,27
6,Robbery Chain Snatching,2025-09-01,5.0,7
7,Att.to.C.Robbery,2025-09-01,0.0,0
8,Extortion,2025-09-01,23.0,29
9,H.B.T.Day,2025-09-01,5.0,11
10,H.B.T.Night.,2025-09-01,29.0,81
11,Thefts.,2025-09-01,164.0,708
12,M.V.Thefts.,2025-09-01,60.0,195
13,Snatching,2025-09-01,6.0,8
14,Hurt,2025-09-01,267.0,302
15,Riots.,2025-09-01,32.0,45
16,Rape,2025-09-01,73.0,91
17,Molestation,2025-09-01,154.0,181
18,Other I.P.C.,2025-09-01,3108.0,3830
1,Murder,2025-09-30,11.0,11
2,Att.to.C.Murder,2025-09-30,29.0,31
3,Dacoity,2025-09-30,1.0,1
4,Prep.for Dacoity,2025-09-30,0.0,0
5,Robbery,2025-09-30,23.0,27
6,Robbery Chain Snatching,2025-09-30,5.0,7
7,Att.to.C.Robbery,2025-09-30,0.0,0
8,Extortion,2025-09-30,23.0,29
9,H.B.T.Day,2025-09-30,5.0,11
10,H.B.T.Night.,2025-09-30,29.0,81
11,Thefts.,2025-09-30,164.0,708
12,M.V.Thefts.,2025-09-30,60.0,195
13,Snatching,2025-09-30,6.0,8
14,Hurt,2025-09-30,267.0,302
15,Riots.,2025-09-30,32.0,45
16,Rape,2025-09-30,73.0,91
17,Molestation,2025-09-30,154.0,181
18,Other I.P.C.,2025-09-30,3108.0,3830
1,Murder,2025-10-01,9.0,9
2,Att.to.C.Murder,2025-10-01,37.0,37
3,Dacoity,2025-10-01,3.0,3
4,Prep.for Dacoity,2025-10-01,0.0,0
5,Robbery,2025-10-01,46.0,47
6,Robbery Chain Snatching,2025-10-01,1.0,6
7,Att.to.C.Robbery,2025-10-01,2.0,2
8,Extortion,2025-10-01,18.0,23
9,H.B.T.Day,2025-10-01,6.0,20
10,H.B.T.Night.,2025-10-01,19.0,65
11,Thefts.,2025-10-01,184.0,795
12,M.V.Thefts.,2025-10-01,73.0,210
13,Snatching,2025-10-01,11.0,16
14,Hurt,2025-10-01,405.0,441
15,Riots.,2025-10-01,44.0,47
16,Rape,2025-10-01,88.0,111
17,Molestation,2025-10-01,162.0,188
18,Other I.P.C.,2025-10-01,2649.0,3356
1,Murder,2025-10-31,9.0,9
2,Att.to.C.Murder,2025-10-31,37.0,37
3,Dacoity,2025-10-31,3.0,3
4,Prep.for Dacoity,2025-10-31,0.0,0
5,Robbery,2025-10-31,46.0,47
6,Robbery Chain Snatching,2025-10-31,1.0,6
7,Att.to.C.Robbery,2025-10-31,2.0,2
8,Extortion,2025-10-31,18.0,23
9,H.B.T.Day,2025-10-31,6.0,20
10,H.B.T.Night.,2025-10-31,19.0,65
11,Thefts.,2025-10-31,184.0,795
12,M.V.Thefts.,2025-10-31,73.0,210
13,Snatching,2025-10-31,11.0,16
14,Hurt,2025-10-31,405.0,441
15,Riots.,2025-10-31,44.0,47
16,Rape,2025-10-31,88.0,111
17,Molestation,2025-10-31,162.0,188
18,Other I.P.C.,2025-10-31,2649.0,3356
1,Murder,2025-11-01,9.0,9
2,Att.to.C.Murder,2025-11-01,28.0,28
3,Dacoity,2025-11-01,3.0,3
4,Prep.for Dacoity,2025-11-01,0.0,0
5,Robbery,2025-11-01,29.0,30
6,Robbery Chain Snatching,2025-11-01,13.0,13
7,Att.to.C.Robbery,2025-11-01,0.0,0
8,Extortion,2025-11-01,17.0,21
9,H.B.T.Day,2025-11-01,3.0,14
10,H.B.T.Night.,2025-11-01,34.0,82
11,Thefts.,2025-11-01,140.0,618
12,M.V.Thefts.,2025-11-01,46.0,194
13,Snatching,2025-11-01,4.0,6
14,Hurt,2025-11-01,274.0,301
15,Riots.,2025-11-01,35.0,38
16,Rape,2025-11-01,76.0,97
17,Molestation,2025-11-01,167.0,193
18,Other I.P.C.,2025-11-01,3707.0,4543